stock price amazon brand 100 ct solimo light roast coffee kcup pods,0
stocks making biggest moves premarket boeing tesla cbs amazon marriott amp,0
warren buffett buys amazon stock u00e2u0080u0098rat poisonu00e2u0080u0099 bitcoin next,0
dow jones industrial average stocks rise solid jobs earnings reports amazon news,0
dow jones industrial average stocks rise solid jobs earnings reports amazon news,0
stocks sampp surges jobs growth amazon rally,0
berkshire hathaway buys amazon stock heres know,0
jobs jobs jobs buffett amazon musk buy tesla stock,0
warren buffet destroyed reason avoid amazon stock,0
twinkies amazon stock among items sealed 2062 space needle time capsule,0
warren buffett rues missing gains amazon stock hereu00e2u0080u0099s says itu00e2u0080u0099s mistake,0
berkshire hathaway buys amazon stock hereu00e2u0080u0099s know,0
dow jones industrial average stocks rise solid jobs earnings reports amazon news u00e2u0080u0093 usa today,0
dow jones industrial average stocks rise solid jobs earnings reports amazon news u00e2u0080u0093 usa today,0
update berkshire buying amazon stock 2,0
report warren buffetts berkshire hathaway buys amazon stock,0
berkshire bought amazon stock warren buffett says wasnu00e2u0080u0099t,0
surging profits keep amazon stock winning path,0
warren buffett buys amazon stock change mind u00e2u0080u0098rat poisonu00e2u0080u0099 bitcoin,0
stocks jump amazon gets buffett boost april jobs surge,0
need know berkshires buy may tell us amazon stock room run,0
time hold horses buying amazon stock,0
stocks riseu00e2u0080u00a6buffett comments boost amazonu00e2u0080u00a6american airlines expands dfw,0
shopify stock vs amazon stock better,0
berkshire buying amazon amzn stock buffet says didnu00e2u0080u0099t,0
need know berkshire buying amazon stock wakeup call retail investors says portfolio manager,0
amazon stock jumps u00e2u0080u0098idiotu00e2u0080u0099 warren buffett reveals berkshire stake,0
amazon jumps buffett says berkshire hathaway buying stock,0
get ready see amazon stock approach alltime highs,0
amazon see fully automated freight stocks least decade,0
warren buffett buys amazon stock rat poisonbitcoin next,0
berkshire bought amazon stock warren buffett says wasnt,0
amazon keeps hitting trucking stocks itu00e2u0080u0099s actually threat,0
amazon stock pops warren buffetts berkshire hathaway buys,0
stocks amazon fiat chrysler jump premarket tesla gains shake shack soars,0
stocks finish higher amazon buffett boost jobs data,0
berkshire buying amazon stock wakeup call retail investors says portfolio manager,0
berkshire buying amazon stock,0
buffetts berkshire hathaway makes first investment amazon usually shy tech stocks,0
hammer news buffett holding berkshire hathaway buys amazon stock u00e2u0080u0093 shareholder,0
stocks making biggest moves premarket boeing tesla cbs amazon marriott amp stock futures rise ahead april jobs report,0
stocks making biggest moves premarket boeing tesla cbs amazon marriott amp stock futures rise ahead april jobs report,0
dow rises 200 points unemployment falls lowest half century amazon leads gains,0
amazon stock jumps 3 percent buffett reveals colleagueu00e2u0080u0099s stake,0
oneday shipping real game changer amazon stock,0
berkshire buys shares amazon amazon stock rise,0
dow jumps 190 points unemployment falls lowest half century amazon shares gain,0
goldman strategy play trade war divides stock market pitting amazon vs apple,0
amazon stocks rise 3 warren buffett reveals money manager buying shares,0
berkshire hathaway bought amazon stock,0
berkshire hathaway bought amazon stock 5619 daniel sparks motleyfool,0
buffetts berkshire buying amazon stock theres big catch,0
report seahawks qb russell wilson gifts offensive linemen 12000 amazon stock,0
warren buffetts berkshire hathaway buying amazon stock,0
update berkshire bought amazon stock warren buffett says,0
amazon says fully automated freight stocks least decade away,0
decade amazon stock sees golden cross bullish indicator,0
amazon kohlu00e2u0080u0099s struck unlikely partnership hereu00e2u0080u0099s profit stock options,0
stock futures jump amazon gets buffett boost april jobs surge,0
berkshire hathaway buying amazon amzn stocks buffet says didnu00e2u0080u0099t,0
better longterm buy amazon amzn vs apple aapl stock,0
amazon surges berkshire goes head first jungle late buy highflying stock,0
facebook fb stock value rose holder whetstone capital advisors decreased 1188 million stake amazon com amzn share price rose petersen flynn amp dinsmore raised position,0
shareholder alkeon capital management raised amazon com call amzn position kennedy kw stock value rose holder dalton greiner hartman maher amp co trimmed position 708462,0
amazon com amzn holder financial advisory service raised position 858572 market value rose unilever plc ul stock value declined keystone financial planning lifted holding 869804,0
amazon com amzn stock rose shareholder bouchey financial group ltd lifted position benchmark capital advisors lifted facebook cl fb holding 412650,0
stocks israeli shopping malls drop amazon prepares enter local market,0
amazon stock buy now hereu00e2u0080u0099s amzn earnings stock charts show u00e2u0080u0093 investoru00e2u0080u0099s business daily,0
amazon best buy knock 100 current ipads 200 300 macbook pros plus 199 apple watches back stock,0
follow amazon stock read,0
warren buffett buying amazon stock means traditional value investing dead,0
amazon best buy knock 100 current ipads 200 300 macbook pros plus 199 apple watches back stock lundi 6 mai 2019 0013 par,0
warren buffett call amazon value stock,0
amazon stock price get back 2000 keep going,0
amazon value stock,0
amazon com amzn market value rose holder bellecapital international ltd lowered position 483322 avery dennison avy stock value rose rampart investment management company cut 354780 position,0
fedex ups stocks u00e2u0080u0094 amazon u00e2u0080u0094 dropping today u00e2u0080u0093 motley fool,0
usmarkt dow jones u00c3u0096l wti amazon apple netflix nvidia microsoft boeing,0
adobe systems adbe shareholder rosenblum silverman sutton f lowered holding 475278 market value rose bedell frazier investment counseling position amazon com amzn upped stock price rose,0
amazon stock rises warren buffett confirms berkshire hathaway buying,0
watch today dow rise trump declares tech emergency berkshire reveals amazon stake size,0
buffett top 15 1st quarter 2019 warren buffett holds stocks portfolio u00e2u0080u0093 buffett buys amazon shares first time u00e2u0080u0093 finanzennet,0
tech industry leads market higher great day google facebook amazon stocks,0
amazon facebook attractive faang stocks right now investor says,0
vantage investment partners lifted position amazon com amzn stock price rose wex wex market value rose california public employees retirement system increased 254 million position,0
stocks making biggest moves premarket volkswagen amazon facebook cvs amp,0
warren buffett buys amazon stock means traditional value investing dead,0
sale up amazon rival alibaba benefits blossoming cloud business u00e2u0080u0093 stock increases message,0
springbok capital management trimmed position amazon com put amzn stock rose cymabay therapeutics cbay stake held state wisconsin investment board,0
twinkies amazon stock among items going 2062 space needle time capsule,0
pantene stock price amazon,0
one stock could like buying amazon 319,0
roku stock soared beat tech giants like apple amazon,0
amazon amzn stock quotes company news chart analysis,0
amazon stock amp offensive lineman elliott analysis video,0
buffett bought 860 million amazon stock q1 full berkshire 13f summary,0
riverpark advisors position amazon com amzn increased stock rose exxon xom share price rose holder cardinal capital management decreased position,0
stocks making biggest moves premarket tesla amazon boeing armour amp,0
stocks making biggest moves premarket volkswagen amazon facebook cvs amp dow futures point 100point gain open following mondayu00e2u0080u0099s market rout,0
stocks making biggest moves premarket volkswagen amazon facebook cvs amp dow futures point 100point gain open following mondayu00e2u0080u0099s market rout,0
vision capital management cut amazon com com amzn holding market value rose coca cola co com ko stock value declined windsor capital management lowered 675578 stake,0
united insurance holdings uihc stock declined stadium capital management cut stake aspiriant holding amazon com amzn upped 913824,0
leavell investment management boosted amazon com amzn position 412775 share value rose ulta beauty ulta holder two creeks capital management lp trimmed position 162 million stock rose,0
new amazon tech shows store stock vr,0
amazon best buy knock 100 current ipads 200300 macbook pros plus 199 apple watches back stock,0
food delivery stocks latest casualties amazon effect,0
amazon stock split,0
newtyn management position pgampe pcg increased stock declined amazon com com amzn market valuation rose lakeview capital partners boosted holding 333444,0
even approaching new highs thereu00e2u0080u0099s lots like amazon stock,0
key words uber ceou00e2u0080u0099s rallying cry stock keeps sliding remember facebook amazon,0
natixis decreased position adobe adbe stock price rose bouchey financial group ltd upped holding amazon com amzn valuation rose,0
uber ceo employees stock could still next facebook amazon,0
goldman strategy play trade war divides stock market pitting amazon vs apple u00e2u0080u0093 cnbc,0
uber ceou00e2u0080u0099s rallying cry stock keeps sliding remember facebook amazon,0
amazon com amzn market valuation rose bell state bank amp trust trimmed holding sanofi sponsor sny stock value declined holder cutler capital management lowered position,0
amazon stock amp offensive lineman elliott analysis,0
bluefin trading lowered position advanced micro devices amd 498 million share value rose financial advisory service raised amazon com amzn position 858572 stock value rose,0
one capital management increased amazon com com amzn position 540720 metlife met holder poplar forest capital cut position 2132 million stock value rose,0
sunbelt securities decreased stake amazon com amzn market valuation rose golub group trimmed owens ill oi holding stock price rose,0
oge energy oge holder natixis trimmed position stock rose amazon com amzn amzn shareholder curbstone financial management raised stake 502904 stock price rose,0
amazon com amzn stock value rose cutter amp company brokerage boosted holding 762508 zoetis zts holding lifted pettee investors inc,0
amazon com amzn stake boosted aspiriant llc caesarstone ltd ord shs cste stock value rose clal insurance enterprises holdings ltd boosted stake 197 million,0
amazon news amzn stock falling today,0
uber ceou00e2u0080u0099s rallying cry stock keeps sliding remember facebook amazon marketwatch,0
upss stock falls 11 premarket amazon expands delivery service partner program,0
starwood ppty tr stwd stock declined cwm raised holding amazon com amzn market valuation rose chartist raised holding 451 million,0
5 top stock trades tuesday amazon teva sampp 500,0
jpmorgan chase amp co jpm stock price declined holder schmidt p j investment management boosted stake amazon com amzn valuation rose concorde asset management raised stake 520847,0
ulta beauty ulta stock value rose shareholder harvey investment co boosted holding samlyn capital upped position amazon com amzn 2109 million,0
conocophillips cop market value rose king luther capital management boosted stake 289 million amazon com com amzn stock value rose holdings securities increased stake,0
mark cuban says two biggest stock positions remain netflix amazon,0
stocks watch amazon taketwo interactive bank america skyworks solutions,0
stocks watch goldman sachs uber apple amazon bed bath,0
amazon com amzn holder manor road capital partners raised stake kraton kra stock price rose shareholder ubs global asset management americas decreased stake,0
amazon com amzn stake held allen investment management llc schwab charles new schw stock value declined papp l roy amp associates upped stake,0
3 reasons new delivery service program lift amazon stock,0
intuit intu shareholder iberiabank upped stake 765576 amazon com amzn holder filament lifted holding 472815 stock rose,0
big us hedge funds fell back love faang stocks first quarter filings warren buffettu00e2u0080u0099s berkshire hathaway reveals 900 million amazon stake,0
amazon com amzn stake increased condor capital management 3m co mmm stock value rose holder wealth enhancement advisory services trimmed 364260 stake,0
amazon com amzn holder lvw advisors upped stake 499833 stock value rose ardevora asset management llp boosted electronic arts ea stake 741 million,0
microsoft amazon more stocks trending,0
warren buffetts berkshire hathaway owns 900m amazon stock,0
ims capital management boosted amazon com amzn position csx csx holder mckinley capital management lowered position 224 million stock rose,0
ibd stock day amazon approaches buy zone cup forms handle,0
eqis capital management stake procter gamble co pg decreased market value rose syntal capital partners increased stake amazon amzn 195 million stock rose,0
amazon com amzn market value rose meridian management co upped holding thermo fisher scientific tmo stock value rose shareholder btr capital management cut holding,0
london open stocks edge lower eat tumbles rival gets amazon backing,0
london open stocks edge lower eat tumbles rival gets amazon backing u00e2u0080u0093 sharecast,0
skyline champion sky stock value declined sankaty advisors trimmed holding amazon com amzn market value rose ruggie capital group lifted stake,0
investing big us hedge funds regain ardor faangs first quarter quants think like amateurs worlds wildest stock market appaloosa baupost among hedge funds boosting pgampe holdings lessons hedge funds prepare bears soros fund management increases stake tesla convertible bonds ray dalios 5 largest stock buys 1st quarter warren buffetts berkshire hathaway reveals 900m amazon stake,0
amazon stock looks bulletproof every day,0
warren buffettu00e2u0080u0099s berkshire hathaway owns 900m amazon stock,0
locust wood capital advisers raised amazon com amzn stake 117 million stock price rose shareholder truenorth boosted nvidia nvda position,0
update uber ceos rallying cry stock keeps sliding remember facebook amazon,0
vision capital management cut holding amazon com com amzn stock price rose louisiana pac com lpx stock price rose boston advisors cut holding 328 million,0
amazon split stock 2019 u00e2u0080u0093 motley fool,0
clayton dubilier amp rice stake nci building systems ncs raised amazon com amzn holder concorde asset management increased holding 520847 stock value rose,0
stocks today amazon walmart locked battle nextday delivery u00e2u0080u0094 great news shoppers,0
inslee bought stock boeing microsoft amazon washington companies late 2018,0
amazon com amzn stock rose kentucky retirement systems insurance trust fund raised stake 579772 front barnett associates trimmed thermo fisher scientific tmo holding 544343 shares rose,0
microsoft msft market valuation rose shareholder orca investment management lowered stake amazon com amzn stock value rose new jersey better educational savings trust boosted 600400 stake,0
piedmont office realty tr pdm stock price rose holder northern trust decreased stake hillhouse capital management ltd upped stake amazon com amzn 665 million,0
sometimes pays play amazon price stock market,0
amazon com amzn market valuation rose holder bellecapital international ltd decreased 483322 stake american express co axp stock declined buckhead capital management decreased stake 129 million,0
duncker streett amp company maintains position amazon com amzn avianca holdings avh holder donald smith amp company increased stake 188 million stock value rose,0
united american securities stake amazon com amzn trimmed share value rose stratos wealth partners ltd raised stake schlumberger ltd slb stock price declined,0
amazon wants 3rdparty sellers send tons stock help oneday delivery push,0
amazon stock chart pattern failure,0
amazon wayfair found stock lord ganesha bath mats,0
tjx cos new tjx position raised pictet bank amp trust ltd amazon com amzn stock price rose new jersey better educational savings trust increased position,0
amazon amzn stock poised continued growth hereu00e2u0080u0099s,0
usmarkt dow jones u00c3u0096l wti gold tesla amazon luckin coffee tmobile us apple,0
london open stocks edge lower eat tumbles rival gets amazon backing,0
aureus asset management holding svb financial group sivb increased 824796 stock rose amazon com com amzn valuation rose first long island investors cut holding 984656,0
autozone stock rises earnings beat monro falls short expands amazon pact,0
deep dive 20 retail stocks two key metrics going battle amazon,0
3 small caps could next amazon stock,0
stein mart stock gets bump amazon locker partnership,0
amazon com com amzn stock value rose girard partners ltd increased stake sp plus sp share value rose mondrian investment partners ltd upped holding 376159,0
amazon com amzn stock price rose triangle securities wealth management raised 857642 holding hussman strategic advisors continues hold holding supernus pharmaceuticals supn,0
amazon com call amzn valuation rose cypress funds decreased 4206 million stake wright investors service upped wells fargo co new wfc holding 908270 stock value declined,0
20 retail stocks two key metrics going battle amazon,0
stocks making biggest moves premarket tesla amazon boeing armour amp dow set fall 150 points open trade tensions linger,0
stocks making biggest moves premarket tesla amazon boeing armour amp dow set fall 150 points open trade tensions linger,0
stock price gatorade zero sugar thirst quencher amazon,0
tci wealth advisors holding amazon com call amzn lowered share price rose micron technology mu stock price rose shareholder clear harbor asset management cut stake,0
stocks making biggest moves premarket foot locker amazon hp inc autodesk amp,0
buy amazon stock,0
royal bank canada upped position amazon com call amzn stock rose new south capital management boosted holding marriott vacations worldwide c vac 713 million shares rose,0
amazon wants 3rdparty sellers send tons stock to,0
amazon asks sellers stock fba shelves 1day prime,0
amazon com amzn stock rose bell state bank amp trust trimmed holding artisan partners limited partnership trimmed holding west pharmaceutical svsc wst valuation declined,0
amazon knocks 470 renewed 2018 13inch macbook pros apple tv 4k back stock 135 appleinsider,0
stock market news clear skies amazon canopy makes case cannabis investors,0
riverpark advisors raised amazon com amzn position 999666 first eagle investment management decreased varian med sys var position 17109 million stock value rose,0
amazon stock could heading 3000,0
stocks foot locker slumps premarket amazon boeing rise,0
capital innovations cut position exxon mobil xom stock value rose amazon com call amzn position increased hap trading llc,0
amazon com amzn stock price rose pictet bank amp trust ltd trimmed stake 484823 first personal financial services lifted position costco whsl new cost share value declined,0
sunbelt securities position amazon com amzn cut 582776 cvs health cvs stock declined philadelphia trust company lifted position,0
thompson rubinstein investment management stake costco whsl new cost trimmed 304500 stock value declined ashford capital management stake amazon amzn decreased market value rose,0
tesla tsla shareholder gvo asset management ltd upped position 279 million share price declined amazon com amzn stock price rose sigma investment counselors boosted 369492 holding,0
amazon com amzn market valuation rose mirador capital partners lp increased 194 million holding connecticut wtr svc ctws stock declined shareholder renaissance technologies raised stake,0
buy amazon stock hereu00e2u0080u0099s pick shares amazon stock consider buy,0
fastenal co fast holder park presidio capital trimmed stake garrison bradford amp associates raised amazon amzn holding 138 million stock rose,0
mathes company boosted stake qualcomm qcom stock declined state wisconsin investment board cut amazon com amzn stake share value rose,0
ems capital lp trimmed stake amazon com amzn stock rose northern trust trimmed holding hyatt hotels h 894785 shares rose,0
amazon amzn stock concerned missed earnings,0
facebook cl fb holder first dallas securities trimmed stake stock rose alphaone investment services increased position amazon com amzn 227 million,0
cubic cub holding maintained nj state employees deferred compensation plan amazon com amzn stock value rose bouchey financial group ltd increased 506174 holding,0
anderson hoagland amp co trimmed union pacific unp position 956760 stock price rose amazon com amzn holding upped wcm investment management,0
amazon com com amzn stock price rose one capital management boosted stake brookmont capital management lifted novo nvo holding,0
stocks making biggest moves premarket foot locker amazon hp inc autodesk amp us stocks set rebound trade fears roil markets,0
buffettu00e2u0080u0099s amazon stock hoard worth 14 billion 24 months,0
tesla put tsla holder hotchkis amp wiley capital management upped position 780000 stock price declined roosevelt investment group trimmed amazon com amzn position 199 million share value rose,0
amazon stock could hit whopping 3000 3 years analyst says,0
foot lockeru00e2u0080u0099s firstquarter results miss street forecasts cuts earnings outlook stocks making biggest moves premarket foot locker amazon hp inc autodesk amp,0
amazon com amzn stock price rose shareholder antipodean advisors trimmed 293 million position pfizer pfe valuation declined community bank increased position 378615,0
homrich amp berg increased amazon com amzn holding 501334 pepsico pep stock price declined lindsell train ltd decreased 1210 million stake,0
adobe systems adbe stock price rose bank hawaii cut position 313010 amazon com amzn valuation rose equitec specialists lowered holding 751500,0
raytheon co call rtn stock value rose two sigma securities cut position bellecapital international ltd cut amazon com amzn holding 483322 stock rose,0
amazon com amzn market value rose bouchey financial group ltd boosted stake 506174 methanex meoh stock rose state wisconsin investment board decreased 338 million stake,0
microsoft msft stock rose cambridge trust company cut holding 330 million amazon com amzn stake upped sfe investment counsel,0
amazon com amzn stock price rose global endowment management lp boosted holding jetblue airways com jblu holder disciplined growth investors decreased holding 361360,0
flowserve fls market value declined shareholder quantres asset management ltd raised position lakeview capital partners lifted amazon com com amzn stake 333444 stock price rose,0
antipodean advisors lowered amazon com amzn position 293 million stock value rose plains amern pipeline l paa shareholder heronetta management lp lifted position 111 million,0
yes actually buy stock tank aboveground pools amazon u00e2u0080u0094 starting 60,0
amazon com amzn share price rose westfield capital management company lp cut 1617 million stake hasbro has holder trust department mb financial bank n decreased position 991845 stock declined,0
bouchey financial group ltd increases stake amazon com amzn west oak capital cut abbvie abbv position 3383 million stock declined,0
looking next amazon nasdaqamzn consider buying shopify tsxshop stock,0
amazon com amzn shareholder taurus asset management increased holding 185 million stock price rose lloyds bank adr lyg stock price rose mondrian investment partners ltd increased position,0
osher van de voorde investment management trimmed position amazon com amzn 217 million stock value rose hubspot hubs shareholder primecap management company cut holding,0
fagan associates decreased nvidia nvda holding 119 million stock price declined amazon com amzn market valuation rose ci investments raised position,0
3 reasons buy target stock holds amazon,0
amazon com amzn position held aspiriant llc roosevelt investment group raised ross stores com rost position 354 million stock rose,0
bellecapital international ltd position amazon com amzn trimmed 483322 oakmont decreased position northrop grumman noc 2051 million stock value rose,0
amazon com amzn share price rose condor capital management boosted 187 million position weibo wb stock value rose parus finance uk ltd upped position 119 million,0
pointstate capital lp increases position amazon com call amzn culbertson n amp co holding apple aapl lowered stock value declined,0
procter gamble co pg holder choate investment advisors cut stake 856037 stock rose ameritas investment partners position amazon com amzn decreased stock price rose,0
crane co cr market valuation declined holder gamco investors et al lowered 639 million position altimeter capital management lp stake amazon com amzn lifted 150 million stock rose,0
twenty first centy fox fox shareholder new jersey better educational savings trust decreased position stock price rose amazon com call amzn market value rose cypress funds lowered stake,0
riverpark advisors position amazon com amzn raised 999666 bbampt lowered holding archer adm 964200 stock price declined,0
knighthead capital management lowered pgampe pcg stake 863 million share price declined blue edge capital cut amazon com amzn position 5407 million stock value rose,0
dax hiccups u00e2u0080u0093 wall street higher u00e2u0080u0093 evonik lamenting heavy stock price u00e2u0080u0093 nordex shares benefit close growth u00e2u0080u0093 gea vivendi amazon deutsche bank focus nachricht,0
crest gum detoxify u00e2u0080u0093 stock amazon,0
capital innovations cut position exxon mobil xom stock value r amazon com call amzn position increased hap trading llc u00e2u0080u0093 nbo news,0
amazon com amzn holder hbk sorce advisory raised position cisco sys csco stock value rose eagle global advisors lowered stake,0
jcsd capital upped position columbia bkg sys colb 954504 stock declined amazon com amzn holder franklin resources boosted position,0
thereu00e2u0080u0099s new biggest amazon bull wall street sees stock surging 50 year,0
ashford capital management decreased amazon amzn holding market valuation rose peoples united financial pbct stock price rose kbc group nv decreased 264 million position,0
50 stock surge launch amazon 13 trillion valuation analyst,0
capwealth advisors lowered holding amazon com com amzn market value rose wells fargo co new wfc stock price declined holder synovus financial decreased position 598966,0
theres new biggest amazon bull wall street sees stock surging 50 year,0
zevenbergen capital investments upped stake visa v 779057 stock price rose amazon com com amzn stock value rose lakeview capital partners boosted position 333444,0
asml holding nv asml stock value rose jarislowsky fraser ltd boosted stake chartist increased position amazon com amzn,0
amazon amzn shares rose holder syntal capital partners increased position kingstown capital management lp position pgampe pcg cut stock declined,0
amazon com com amzn position upped lakeview capital partners llc pfizer pfe stock declined investec asset management north america trimmed 511 million holding,0
thermo fisher scientific tmo stock value rose hudson bay capital management lp decreased holding 2795 million amazon com amzn stock value rose koshinski asset management cut holding 292 million,0
pnc financial services group pnc share value declined shareholder avalon advisors cut stake 355540 howard capital management lowered amazon com amzn position 672448 stock value rose,0
first hawaiian bank decreased starbucks sbux stake 546304 stock value rose vision capital management trimmed position amazon com com amzn share price rose,0
take advantage recent weakness amazon stock,0
amazon com amzn stock value rose lansdowne partners uk llp lowered stake johnson amp johnson jnj share price declined edgemoor investment advisors lowered holding,0
rpm intl rpm stake lifted balyasny asset management llc financial advisory service boosted position amazon com amzn 858572 stock value rose,0
unilever plc adr ul stock price declined cooke amp bieler lp trimmed holding bellecapital international ltd cut stake amazon com amzn stock price rose,0
capwealth advisors trimmed amazon com com amzn holding 962141 universal fst prods ufpi stock price rose shareholder covalent partners trimmed holding,0
canada pension plan investment board lifted cousins pptys com cuz position 982800 share value rose amazon com amzn stock value rose holder bellecapital international ltd trimmed stake,0
us stock market best place stayamazon favored pepper international,0
martin currie ltd increases stake itau unibanco hldg sa itub amazon com amzn stock price rose oakmont partners increased 335447 holding,0
amazon com amzn holder new jersey better educational savings trust lifted position 600400 stock rose cintas ctas holder fmr trimmed stake 2849 million,0
pacific heights asset management cut bhp billiton ltd bhp holding 120 million stock price rose antipodean advisors decreased stake amazon com amzn 293 million,0
simon property group reit spg stock price declined highstreet asset management upped stake 419003 one capital management increased amazon com com amzn stake,0
sigma investment counselors lifted holding amazon com amzn stock price rose hasbro has valuation declined holder baldwin brothers trimmed position,0
amazon com amzn stock rose shareholder united american securities trimmed 778 million position alibaba group hldg ltd baba holding maintained power canada,0
tetraethyl orthosilicate market 2019 u00e2u0080u0093 evonik wacker dow corning shinetsu air products chemicals,0
release coating market 2019 u00e2u0080u0093 evonik industries dow corning momentive shinetsu chemical wacker chemie,0
global stone water repellent treatments market insights amp deap analysis 20192024 dow corning wacker evonik fassa bortolo mapei basf,0
global performance chemicals market competitive analysis production forecast till 2025 akzo nobel arkema basf dow chemical evonik industries,0
global styrene methyl methacrylate copolymer market insights amp deap analysis 20192024 evonik dow sumitomo chemical lg mma asahi kasei,0
construction chemicals market emerging growth bostik sika ag mapei rci parex dow chemical companytwin aces industries evonik basf henkel hb fuller 3m,0
release coatings market 2019 u00e2u0080u0093 dow corning corporation wacker chemie ag momentive performance materials inc evonik industries ag omnova solutions inc,0
global sulfosuccinate market insights amp deap analysis 20192025 solvay dow basf evonik industries ag clariant kao corporation eoc stepan,0
increasing awareness selfrepair materials market growth cagr focusing key players like dow chemical company bayer material science nissan motor company ltd azko nobel nv evonik industries corporation etc,0
global alcohol ethyoxylate market 2018 u00e2u0080u0093 basf clariant dow chemical shell chemicals dupont huntsman international akzonobel evonik industries,0
textile auxiliary agent market 2019 u00e2u0080u0093 huntsman corporation tata chemicals limited dystar group dow chemical company evonik industries ag,0
excellent growth hydroxy functional resins market 2019 top key players u00e2u0080u0093basf arkema dow evonik gellner industrial allnex,0
stock exchange express u00e2u0080u0093 analysis flash jpmorgan located evonik neutral,0
whats driving biodiesel catalyst market growth key players are basf tss group sudchemie evonik dupont albemarle dow camera agricultura,0
silicone surfactants market overview analysis report 2019 wacker chemie momentive evonik silibase elkem silicones nexeo solutions dow corning stepan company shinetsu siltech corporation elepelron corporation innospec inc,0
comprehensive structure global microcellular polyurethane foam market 2025 topmost key players basf dow chemical saintgobain performance plastics huntsman evonik industries etc,0
global paint additives market product analysis business overview financial details 2025 dow chemical company sherwinwilliams ashland lonza daikin industries ltd ppg industries basf evonik axalta valspar byk usa inc,0
polyurethane additives market 2019 u00e2u0080u0093 air products chemicals inc covestro ag evonik industries ag tosoh corporation dow chemical company,0
global specialty chemicals market procure substantial returns construction automotive industries key players ashland clariant evonik dow chemical company bayer syngenta ineos,0
india mobile water treatment services market swot analysis amp technological innovation leading industry experts dow basf albemarle evonik,0
mobile water treatment services market swot analysis amp technological innovation leading industry experts dow basf albemarle evonik,0
laser materials market 2019u00e2u0080u00932024 trend amp growth forecast players basf se corning incorporated evonik dow chemical company,0
trading notebook stock rise 127 last month evonik industries ag evkde,0
global silicone coating market analysis manufacturers 20192025 dow corning basf evonik siltech,0
polymeric absorbents market globally future forecast period 20192025 basf evonik industries formosa plastics dow chemical company,0
global specialty surfactants market report 2019 u00e2u0080u0093 basf stepan zanyu technology huntsman solvay sasol evonik lion resunauway clariant dow,0
deposit control additives market size growth status forecast 2026 top key players evonik industries ag dow chemical company chemtura corporation,0
whats driving specialty polymer market growth key players are basf se croda evonik industries polyone dow dupont 3m specialty polymers inc solvay,0
medical polymers market 2025 key players evonik industries dupont eastman chemical bayer ag celanese dow chemical huntsman,0
global isophorone market report 2019 u00e2u0080u0093 evonik arkema dow,0
global silyl modified polymer market analysis 2019 kaneka bostik henkel wacker evonik 3m dow corning corporation,0
olefinic thermoplastic elastomer market 2019 u00e2u0080u0093 dow chemical basf dupont evonik industries ag exxon mobil corporation,0
global bleaching agents market insights amp deep analysis 20192024 akzonobel clariant basf colgatepalmolive company dupont dow chemicals evonik,0
oxo alcohols market 2019 research top players like apratim international mitsubishi chemical corporation dow chemical company basf exxonmobil eastman chemical company evonik oxea ineos others,0
pharma excipients market research report 2019 2025 top key players archer daniels midland adm basf dow chemical company evonik jm huber corporation abitec corporation,0
global oil amp gas catalyst market insights amp deep analysis 20192024 albemarle arkema dow chemical exxon mobil chemical clariant evonik industries,0
2019 renewable chemicals market analysis key players basf dow cargill evonik chevron bioamber adm,0
specialty chemicals market asia pacific witness phenomenal growth 2024 key players clariant evonik ashland dow chemical company huntsman corporation dupont arkema bayer syngenta albema,0
global triazine market report 2019 u00e2u0080u0093 hexion eastman stepan lonza evonik dbwt baker hughes multichem halliburton dow chemical ecolab,0
global coating painting additives market indepth analysis trends opportunities drivers challenges growth factors 2026 evonik dow clariant basf lubrizol arkema group,0
global mobile water treatment services market top key players dow basf albemarle evonik eastman hunstman air products covestro,0
soil conditioners market size share revenues business analysis distributed regions 2018 2027 dow chemical company us akzo nobel nv netherlands evonik industries ag germany solvay sa belgium,0
global paint additives market growing rapidly 2025 top manufacturers ppg industries basf evonik dow chemical company sherwinwilliams axalta valspar byk usa inc ashland lonza daikin industries ltd others,0
acute growth organofunctional silane market opportunity assessments 20192026 wd silicone company limited china national bluestar group co ltd evonik industries dow corning corporation etc,0
laser material market 2019 global industry overview 2025 top companies bhp billiton dow chemical company evonik industries exxon mobil basf se,0
new study polyester adhesives market forecast 2025 dow chemical abp ey technologies axson technologies evonik industries etc,0
ink additives market overview top companies like altana basf se dow elementis plc evonik industries ag huntsman international llc lawter harima chemicals inc shamrock mu00c3u009cnzing corporation solvay keim additec surface gmbh,0
ink resins market analysis industry research report business intelligence evonik basf dsm lawter inc arizona chemical igm resins hydrite kraton company dow chemical company,0
silicone market growing rapidly 2019 analysis key players dow performance silicones wacker chemical corporation shinetsu momentive elkem silicones gelest kcc corporation nusil technology llc evonik specialty silicone products inc oth,0
global cosmetic raw materials market detailed analysis 20192024 basf evonik givaudan dow firmenich,0
water repellent agent market top key players includes basfthe dow chemical companyevonik industries agthe chemours companyhuntsman corporationdaikin industries ltd,0
global acetone cyanohydrin market comprehensive analysis 2019 evonik dow arkema basf,0
comprehensive growth methacrylic acid market focus key players like dow basf evonik mrc formosa,0
global hydroxyethyl methacrylate hema market detailed analysis 20192024 mitsubishi rayon evonik dow geo nippon shokubai,0
defoamers market size projected showcase significant growth pulp amp paper manufacturing industry key players evonik kemira wacker chemie elementis global clariant basf dow chemical company ashland air products,0
textile auxiliaries market tata chemicals dow chemicals evonik industries archroma limited drive global demand,0
silane market 2019 global industry overview 2025 top companies evonik industries shinetsu chemical momentive performance materials dow corning wacker chemie gelest wd silicone,0
correction evonik regrets weak stock price u00e2u0080u0093 nothing family bonds 280519 u00e2u0080u0093 finanzenat,0
global vacuum insulation panels market expanding cagr 53 2026 evonik industries ag dow corning sonoco lg hausys panasonic,0
industrial cleaning market 2019 latest research report croda ecolab pilot chemical company solvay sealed air corporation stepan company air products evonik huntsman corporation basf dow nippon iclean solutions private limited others,0
global pharmaceutical grade silica gel market 2019 industry evaluation dow chemical evonik industries e i du pont de nemours solvay sa,0
white biotechnology market 2019 by dsm bayer dsm evonik dow chemicals henkel basf dupont lanxess,0
silane coupling agents market grow substantially 2017 2027 key palyers hexpol compounding dow corning3m evonik rayton chemicals,0
north america silanes market register extensive growth via electronics industry top key players evonik dow chemical company air liquide gelest tci tokyo chemical industry,0
innovative report high performance foam market competitive analysis new business developments growth factors top companies rogers jsp evonik industries basf dow chemical armacell international sekisui alveo,0
global silicone defoamer market insights amp depth analysis ashland basf clariant international dow corning evonik industries,0
triethylene glycol cas 112276 market 2019 u00e2u0080u0093 basf dow chemical arkema sartomer evonik sabic,0
whats driving linear alkylbenzene sulfonate las market share dow chemical company clariant corporation dupont basf se evonik industries ag,0
watch today stock swoon day 3 trump taxes google privacy,0
google misses revenue estimates worst day stock market,0
google stock drops amid slowing adrevenue growth,0
google misses revenue estimates worst day stock market since 2012,0
headlines spacex silence fornite parties microsoftvmware access ced program google stock woes,0
stock market holds highs apple google fed focus weekly review,0
researchers seoul national university science technology report recent findings fluctuation noise forecasting volatility stock market index using hybrid models google domestic trends,0
apple stock falls ahead earnings samsung google warn smartphone issues,0
free download google pixel 3a pixel 3a xl stock wallpapers,0
alphabet stock dives google ad revenue growth slows,0
market snapshot stocks slump google revenue miss weighs tech shares,0
alphabet stock heads worst day record google revenue slows,0
us stock futures edge lower led google,0
netease ntes stock spikes suggestion coming google partnership,0
dow almost flat midtuesday recovered google plunge us bipartisan,0
stock price correlate google searches,0
hiding youtube numbers could trouble google stock,0
alphabet stock drops earnings show disappointing google sales growth marketwatch,0
market snapshot stocks slide google revenue miss weighs tech shares,0
google stock hasnu00e2u0080u0099t recovered drop due q1 revenue miss,0
update alphabet stock heads worst day record google revenue slows,0
alphabet results google parents stock drops earnings fail meet expectations amid eu fine,0
market snapshot stocks trade mostly lower google earnings miss weighs tech shares,0
dow jones futures google dives buy point apple deck,0
stocks record highs google parent alphabet shares drop,0
alphabets stock track worst day record google revenue growth slows,0
google stock drops amid slowing ad revenue growth,0
google misses revenue estimates worst day stock market since 2012 u00e2u0080u0093 entrepreneur,0
global stock markets us shares close higher google parent alphabet falls,0
alphabetu00e2u0080u0099s stock tanks analysts asking u00e2u0080u0098hey google happened revenue growthu00e2u0080u0099,0
cramer wary stocks rally earnings reports like googleparent alphabet,0
stocks slump poor google samsung earnings china slowdown fears return,0
alphabet stock drops earnings show disappointing google sales growth,0
google says isnu00e2u0080u0099t u00e2u0080u0098feasibleu00e2u0080u0099 add scrolling screenshot stock android,0
alphabetu00e2u0080u0099s stock plunge due q1 earnings miss slowing ad revenues google april 29 2019,0
4 big tech stocks major trouble including google,0
google parent alphabetu00e2u0080u0099s stock tumbles slow advertising growth,0
stocks drift google sales miss china factory slip clips record sampp 500 high,0
dow jones futures google dives stock market rally milestone apple earnings deck,0
dow jones futures google dives stock market rally milestone apple earnings deck,0
stock market express u00e2u0080u0093 roundup eu punishment slows quarterly profits google parent alphabet,0
ratings game alphabet stock heads worst day record google revenue slows,0
market snapshot dow futures rise mcdonalds earnings tech pressure google results,0
stocks open mostly lower google earnings drags sampp nasdaq,0
alphabet stock drops disappointing google revenue,0
stocks wall street mixed google battles dow stocks dominance,0
stocks wall street mixed google battles dow stocks dominance,0
alphabets stock tanks analysts askinghey google happened revenue growth,0
buy google stock dip,0
google parent company disappointed stock market u00e2u0080u0093 revenue reduced,0
fonu00c3u00adatra adolfo ledo nass dow jones futures google dives buy point stock market milestone,0
fonu00c3u00adatra adolfo ledo nass dow jones futures google dives buy point stock market milestone,0
tech stocks hit google parent shares fall 770,0
google parent alphabets stock falls earnings miss expected revenue,0
general electric stock soaring google down know tuesday,0
alphabet stock tumbles wall street reacts u00e2u0080u0098shockingu00e2u0080u0099 sales slowdown google,0
stocks trade mostly lower google earnings miss weighs tech shares,0
alphabetu00e2u0080u0099s commercialdrone business boost google stock,0
wikifolio whispers clock ballard power systems ams steinhoff hypoport nemetschek wirecard vonovia se biofrontera eyemaxx real estate ballard power systems 383 investsg wfbzws1 balloon position increased see ballard investment bais value slowly picks again many positive messages honored course april 30 1307 ams 1757 alber etics mix ams written good figures first quarter upper end forecast sometimes even higher surprising analysts morning jumped nearest train april 30 1231 steinhoff 444 course trendscom ktrendit today interesting see short seller marshall wace continues build stock smooth avoid losses probably announced thursday 3 trading days left tues fri mon first revised revised balance sheet table hope 3 days come percent plus course important market reacts numbers whether already used opportunity buy money were could quiet june slowly increase still exciting u00e2u0080u00a6 april 30 1227 hypoport 128 skyscraper 7bh13047 today hypoport presented preliminary figures q1 2019 sales therefore increased approx 30 year year approximately eur 78 million ebit 6 eur 8 million exact results published may 13th happy result important note looking profits first priority current business world much profit meaningfully reinvested future growth hypoport highscale platform company that without reinvesting future growth technology leadership realistic opportunities achieve ebit margins 50 future although company looks visually expensive clear longterm purchase current level europes market penetration progressing faster faster especially savings banks cooperative banks currently collaborating huge pace europace insurance platform well course penetrate market represent another unicorn hypoport future want know hypoport story please read detailed analyzes last year httpuniqueinvestorsdeunternehmensanalysehypoportag 3004 1222 nemetschek 729 growthplus 042013 today specialists specialize construction specialists depot nemetschek currently 84 rib software 22 ahead convinces good quarterly figures confirms forecast nemetschek new annual high rib software wonderful upswing since december bill depot u00e2u0080u00a6 all one u00e2u0080u00a6 turbo currently almost 25 front 30 12 11 wirecard 031 mavtrade fmeur100 wirecard worlds leading innovation driver digital financial technology enables android users switzerland use bons taking advantage google pay start there mobile payment solution available download swiss google play store slovakia users boon pay google pay google pay mobile secure payment method contactless checkout inapp online shopping adding digital boon mastercard google pay customers pay quickly easily nfcenabled android device enough stores accept google pay payment method keep mobile device point sale without open boon app florence diss head emea commerce partnerships google says as today customers switzerland use google pay pay securely quickly easily nationally internationally happy wirecard back blessing beginning together continue operate digitized payments georg von waldenfels ceo business development wirecard adds innovative payment solutions want help many consumers possible trade quickly conveniently even without cash complementary expansion offer switzerland slovakia shows right track bons fastest growing mobile payment solution europe industrys first fully digitized payment solution independent banks telecoms providers app already available google pay germany france great britain ireland italy spain april 30 11 44 wirecard 031 mavtrade futmark1 wirecard worlds leading innovation driver digital financial technology allows android users switzerland join boon taking advantage google pay start there mobile payment solution available download swiss google play store slovakia users boon pay google pay google pay mobile secure payment method contactless checkout inapp online shopping adding digital boon mastercard google pay customers pay quickly easily nfcenabled android device enough stores accept google pay payment method keep mobile device point sale without open boon app florence diss head emea commerce partnerships google saysas today customers switzerland use google pay pay securely quickly easily nationally internationally happy wirecard back blessing beginning together continue operate digitized payments georg von waldenfels ceo business development wirecard adds innovative payment solutions want help many consumers possible trade quickly conveniently even without cash complementary expansion offer switzerland slovakia shows right track bons fastest growing mobile payment solution europe industrys first fully digitized payment solution independent banks telecoms providers app already available google pay germany france great britain ireland italy spain apr 30 11 41 vonovia se 027 amsholding ams001 continue see vonovia strong stock believe company strengthened expropriation debate today bought 180 pieces convert money shares course continue benefit potential 3004 1128 biofronter 422 merlinmart oleur planned b8f position expanded latest confirmation q4 2019 latest developments regarding ameluz suggests stock continue gain momentum also interesting current listing takeover bid maruho 660 euros speculated early increase supply maruho least achieve blocking minority 25 all expect see share doubledigit range end year 3004 1024 eyemaxx real estate 447 fox profit eyemaxx launches new real estate project schu00c3u00b6nefeld near berlin httpswwwwallstreetonlinedenachricht11416325dgapnewseyemaxxrealestateageyemaxximmobilienprojektschoenefeldberlindeutsch 3004 0937 live price page bsngine image credits 1 wikifolio whisper stefan greunz christina oehler gtgt open photaqcom stocks radar rosenbauer warimpex mayrmelnhof polytec marinomed biotech,0
wikifolio whispers clock ballard power systems ams steinhoff hypoport nemetschek wirecard vonovia se biofrontera eyemaxx real estate ballard power systems 383 investsg wfbzws1 balloon position increased see ballard investment bais value slowly picks again many positive messages honored course april 30 1307 ams 1757 alber etics mix ams written good figures first quarter upper end forecast sometimes even higher surprising analysts morning jumped nearest train april 30 1231 steinhoff 444 course trendscom ktrendit today interesting see short seller marshall wace continues build stock smooth avoid losses probably announced thursday 3 trading days left tues fri mon first revised revised balance sheet table hope 3 days come percent plus course important market reacts numbers whether already used opportunity buy money were could quiet june slowly increase still exciting u00e2u0080u00a6 april 30 1227 hypoport 128 skyscraper 7bh13047 today hypoport presented preliminary figures q1 2019 sales therefore increased approx 30 year year approximately eur 78 million ebit 6 eur 8 million exact results published may 13th happy result important note looking profits first priority current business world much profit meaningfully reinvested future growth hypoport highscale platform company that without reinvesting future growth technology leadership realistic opportunities achieve ebit margins 50 future although company looks visually expensive clear longterm purchase current level europes market penetration progressing faster faster especially savings banks cooperative banks currently collaborating huge pace europace insurance platform well course penetrate market represent another unicorn hypoport future want know hypoport story please read detailed analyzes last year httpuniqueinvestorsdeunternehmensanalysehypoportag 3004 1222 nemetschek 729 growthplus 042013 today specialists specialize construction specialists depot nemetschek currently 84 rib software 22 ahead convinces good quarterly figures confirms forecast nemetschek new annual high rib software wonderful upswing since december bill depot u00e2u0080u00a6 all one u00e2u0080u00a6 turbo currently almost 25 front 30 12 11 wirecard 031 mavtrade fmeur100 wirecard worlds leading innovation driver digital financial technology enables android users switzerland use bons taking advantage google pay start there mobile payment solution available download swiss google play store slovakia users boon pay google pay google pay mobile secure payment method contactless checkout inapp online shopping adding digital boon mastercard google pay customers pay quickly easily nfcenabled android device enough stores accept google pay payment method keep mobile device point sale without open boon app florence diss head emea commerce partnerships google says as today customers switzerland use google pay pay securely quickly easily nationally internationally happy wirecard back blessing beginning together continue operate digitized payments georg von waldenfels ceo business development wirecard adds innovative payment solutions want help many consumers possible trade quickly conveniently even without cash complementary expansion offer switzerland slovakia shows right track bons fastest growing mobile payment solution europe industrys first fully digitized payment solution independent banks telecoms providers app already available google pay germany france great britain ireland italy spain april 30 11 44 wirecard 031 mavtrade futmark1 wirecard worlds leading innovation driver digital financial technology allows android users switzerland join boon taking advantage google pay start there mobile payment solution available download swiss google play store slovakia users boon pay google pay google pay mobile secure payment method contactless checkout inapp online shopping adding digital boon mastercard google pay customers pay quickly easily nfcenabled android device enough stores accept google pay payment method keep mobile device point sale without open boon app florence diss head emea commerce partnerships google saysas today customers switzerland use google pay pay securely quickly easily nationally internationally happy wirecard back blessing beginning together continue operate digitized payments georg von waldenfels ceo business development wirecard adds innovative payment solutions want help many consumers possible trade quickly conveniently even without cash complementary expansion offer switzerland slovakia shows right track bons fastest growing mobile payment solution europe industrys first fully digitized payment solution independent banks telecoms providers app already available google pay germany france great britain ireland italy spain apr 30 11 41 vonovia se 027 amsholding ams001 continue see vonovia strong stock believe company strengthened expropriation debate today bought 180 pieces convert money shares course continue benefit potential 3004 1128 biofronter 422 merlinmart oleur planned b8f position expanded latest confirmation q4 2019 latest developments regarding ameluz suggests stock continue gain momentum also interesting current listing takeover bid maruho 660 euros speculated early increase supply maruho least achieve blocking minority 25 all expect see share doubledigit range end year 3004 1024 eyemaxx real estate 447 fox profit eyemaxx launches new real estate project schu00c3u00b6nefeld near berlin httpswwwwallstreetonlinedenachricht11416325dgapnewseyemaxxrealestateageyemaxximmobilienprojektschoenefeldberlindeutsch 3004 0937 live price page bsngine image credits 1 wikifolio whisper stefan greunz christina oehler gtgt open photaqcom stocks radar rosenbauer warimpex mayrmelnhof polytec marinomed biotech,0
alphabets stock tanks analysts askinghey google happened revenue growth cnbc,0
stock market mixed google stock crashes apple earnings tap u00e2u0080u0093 investoru00e2u0080u0099s business daily,0
google nest stock clips featuring family moments commercial song,0
google stock rises analyst upgrade premature,0
google app campaigns get youtube stock troas bidding,0
general electric stock soars google drops market,0
stocks slide google revenue miss weighs tech shares,0
market snapshot dow futures rise mcdonaldu00e2u0080u0099s earnings tech pressure google results,0
google stocks main points first value auctions google advert supervisor paintings,0
adt stock tanks google helping people manage home security,0
crypto satoshi website triggers countdown live unveiling bitcoin creator craig wright ordered list satoshis bitcoins florida court facebook hiring fast launch bitcoin twitter google trends interest precedes cryptocurrency price warren buffett says bitcoin gambling device a lot frauds connected it spains largest stock exchange introduce blockchain system,0
baidu stock slides 16 hereu00e2u0080u0099s chinau00e2u0080u0099s google stuck freefall,0
longterm stock exchange gets sec approval bitcoin google searches spike,0
google qualcomm intel break huawei stock market punishes,0
watch dow pop google easing huawei dressbarn closing,0
asian stocks close mixed google cuts ties huawei,0
us stocks may open lower google cuts huawei,0
tech stocks sink google cuts huawei android support,0
us ban huawei eased technology stocks drop chinese tech giant huawei sues us government ban huawei sues us congress bans government purchase equipment morning news brief us warns germany using huawei could crimp intelligencesharing agencies trump ban huawei phones lose access google software chinese tech giant huawei sues us government ban huawei sues us congress bans government purchase equipment morning news brief us warns germany using huawei could crimp intelligencesharing agencies,0
vmlyampr unveils youtube stories u00e2u0080u0093 profiling three extraordinary aussies leaving lasting change vmlyampr sydney launched new campaign youtube showcases stories three incredible aussies u00e2u0080u0093 charles lomu macinley butson eddie woo u00e2u0080u0093 profound impact communities using youtube educational platform learn teach says mark wheeler head youtube marketing australia new zealand u00e2u0080u009cmore aussies coming youtube learn educational videos generating hundreds millions views always inspired hearing peopleu00e2u0080u0099s personal stories learned youtube gone achieve words eddie woo u00e2u0080u009cyoutube democratising educationu00e2u0080u009d wanted tell stories share aussies information simply u00e2u0080u0098how tou00e2u0080u0099 search awayu00e2u0080u009d tell remarkable stories charles macinley eddie youtube turned vmlyampr versus media campaign comprised three long form online videos stories built using youtubeu00e2u0080u0099s u00e2u0080u0098unskippable advertisingu00e2u0080u0099 principles designed countless advertising experiments educate story makers advertisers grab hold peopleu00e2u0080u0099s attention age attention endangered resource says aden hepburn jointceo vmlyampr u00e2u0080u009csixsecond content new normal certainly war attention however audiences still crave longform content winning audienceu00e2u0080u0099su00e2u0080u0099 attention getgo maintaining throughout heartbeat story arc key making engaging content todayu00e2u0080u0099s content saturated marketplace read charlesu00e2u0080u0099 macinleyu00e2u0080u0099s eddieu00e2u0080u0099s stories google australia blog mark wheeler u00e2u0080u0093 head youtube amp large customer ads marketing aunz google laura pope u00e2u0080u0093 product marketing manager google michael stocks u00e2u0080u0093 product marketing manager google josh peacock u00e2u0080u0093 business lead vmlyampr sydney louise mcquat u00e2u0080u0093 associate creative director vmlyampr sydney jack emery u00e2u0080u0093 associate creative director vmlyampr sydney alice green u00e2u0080u0093 associate strategy director vmlyampr sydney matt barber u00e2u0080u0093 senior producer vmlyampr sydney production amp post production company u00e2u0080u0093 versus media director u00e2u0080u0093 versus media vmlyampr part wpp aunz australasiau00e2u0080u0099s leading creative transformation company vmlyampr unveils youtube stories u00e2u0080u0093 profiling three extraordinary aussies leaving lasting change vmlyampr unveils youtube stories u00e2u0080u0093 profiling three extraordinary aussies leaving lasting change,0
fanhua inc fanh q1 2019 earnings call transcript today 023 edt synopsys inc snps q2 2019 earnings call transcript today 023 edt 3 top stocks high dividend yields today 000 edt brickandmortar retail suffers 2019 story today 000 edt eplus inc plus q4 2019 earnings call transcript may 22 2019 target delivers another big earnings beat may 22 2019 highyield stock nearing acceleration point may 22 2019 better buy netflix vs google may 22 2019,0
fanhua inc fanh q1 2019 earnings call transcript today 023 edt synopsys inc snps q2 2019 earnings call transcript today 023 edt 3 top stocks high dividend yields today 000 edt brickandmortar retail suffers 2019 story today 000 edt eplus inc plus q4 2019 earnings call transcript may 22 2019 target delivers another big earnings beat may 22 2019 highyield stock nearing acceleration point may 22 2019 better buy netflix vs google may 22 2019,0
google ceo turned big stock award lavish payouts,0
google ceo shunned large stock award lavish payouts,0
stock news google nasdaq goog chromebook become hugh hit,0
trusted 1605 27052019 cnn fiat chrysler proposes renault merger auto industry shakeup completed merger would create worlds third largest carmaker behind volkswagen toyota general motors would fall fourth global rankings renault stock surged 15 paris monday fiat chrysler shares jumped around 11 milan companies discussing ways cooperate products new technologies fiat chrysler said statement outlining proposal could gained merger these discussions made clear broader collaboration combination would substantially improve capital efficiency speed product development italianamerican company said fiat chrysler owns brands including jeep dodge alfa romeo maserati among top markets north america renault significant presence proposal latest example established automakers seeking partnerships share costs developing new technologies including electric vehicles autonomous driving systems german carmakers bmw daimler formed joint venture develop ridesharing charging services ford volkswagen working together develop new vehicles trend toward cooperation accelerated recent months carmakers increased pressure electriccar upstarts like tesla tech companies including uber fiat chrysler said merger renault would produce annual cost savings u00e2u0082u00ac5 billion 56 billion company said plants would closed result merger fiat chrysler formed merger two struggling automakers fiat bought controlling stake chrysler bankruptcy following us government bailout company 2009 formally merged 2014 fiat chrysler distant fourth us sales 8th globally company also trailed competitors adopting electric vehicle selfdriving technology many deem industrys inevitable future sergio marchionne former ceo passed away year ago spoken openly need merge fiat chrysler larger automaker give scale resources compete even sought merger general motors rebuffed far blunt auto executives threat industry new entrants google posed oldline automakers renault already member worlds biggest automotive alliance japanese carmakers nissan mitsubishi motors clear merger fiat chrysler would affect alliance thrown turmoil following arrest last year former leader carlos ghosn renault holds 435 stake nissan nissan owns 15 renault french carmaker sells fewer cars japanese partner pushing companies merge rebuffed relationship nissan renault strained following ghosns arrest adding fiat chrysler would increase alliances annual vehicle sales 15 million renault fiat chrysler said monday merger would benefit alliance nissan declined comment representatives mitsubishi motors immediately available regulators likely scrutinize deal fiat chrysler renault yet french government owns 15 renault indicated monday would support merger we large companies built outside europe today need big companies built within europe sibeth ndiaye spokesperson french government told bfmtv source httpseditioncnncom20190527businessfiatchryslerrenaultmergerindexhtmlutm_sourcefeedburneramputm_mediumfeedamputm_campaignfeed3arss2fcnn_latest28rss3acnnmostrecent29,0
google discounts pixel slate 200 core m3 599 amp celeron still stock,0
google ceo sundar pichai turned big stock award lavish payouts,0
stock news google nasdaq goog maps update leads lot enhanced features,0
salary optics google ceo sundar pichai turned big stock award poll,0
google ceo sundar pichai turns mega stock award heres,0
salary optics google ceo sundar pichai turned big stock award,0
google ceo shunned large stock award lavish payouts 1,0
google ceo pichai says big stock award,0
indianamerican ceo google sundar pichai shunned large stock award lavish payouts,0
google ceo shunned large stock award lavish payouts,0
