Organizer of Google Walkout Quits Over Alleged Retaliation,Deadline via Yahoo News
On-demand game rivals get ready to rumble in the cloud,AFP via Yahoo News
"Best Smart Speakers With Alexa, Siri, and Google Assistant",Fatherly via Yahoo News
"Google walkout organizer quits, citing retaliation fear",AFP via Yahoo News
What to do as soon as you lose your phone,Yahoo Finance
Video games battle for the cloud as industry girds for change,AFP via Yahoo News
Antitrust Regulators Are Preparing an Investigation Into Big Tech: What Investors Need to Know,Motley Fool via Yahoo Finance
Analyst Likes Google After More Details From Stadia,Benzinga via Yahoo Finance
This is the coolest new Google Search feature we’ve seen in years,BGR News via Yahoo News
Google Employee Who Helped Organize Mass Walkout Quits After Retaliation Claims,HuffPost via Yahoo News
5G Stocks: Will Amazon Dip Its Toes In?,InvestorPlace via Yahoo Finance
"E3 2019: Video games take a cue from Netflix, but can Google and cloud games score?",USA TODAY via Yahoo News
The US Huawei ban is also a huge headache for Google,BGR News via Yahoo News
Google Stadia's Business Model Doesn't Make Sense,Motley Fool via Yahoo Finance
Google: Cutting us off from Huawei is a security risk,Mashable via Yahoo Finance
Google walkout organizer leaves company after claims of retaliation,ABC News via Yahoo News
Russian regulator says could open new case against Google: RIA,Reuters via Yahoo Finance
"Huawei blocked from installing Facebook, Instagram and WhatsApp on new phones",The Telegraph via Yahoo News UK
FTC went to Silicon Valley to solicit antitrust complaints,Politico via Yahoo News
"The games of Google Stadia: 'Destiny 2,' 'Ghost Recon,' 'Final Fantasy XV'",AFP Relax News via Yahoo News
Google diversifies Search results by showing only two listings from single site per search,AFP Relax News via Yahoo News
Google Plans to Buy Looker to Bolster Data Analytics Offerings,Zacks via Yahoo Finance
Google Tells Trump Administration Its Proposed Huawei Ban Could Compromise Security,Fortune via Yahoo Finance
Google Stadia Could Make Gaming Consoles Obsolete—If It Works,Esquire via Yahoo News
"Google unveils late 2019 launch date, price, games line-up for new gaming service",Mashable via Yahoo Finance
Google Stadia: the compatible phones,AFP Relax News via Yahoo News
The 2019 Women's World Cup Has Started and Google Is Celebrating With a Doodle,Time via Yahoo News
Google Doodle Celebrates Asia's Dragon Boat Festival. Here's What to Know,Time via Yahoo News
Google flags U.S. national security risks from Huawei ban: FT,Reuters via Yahoo Finance
Europe shows challenges for US regulators targeting Big Tech,Associated Press via Yahoo Finance
Google Stadia: Company reveals streaming games service it says will make Xbox and PlayStation...,The Independent via Yahoo News UK
Google Warns White House of Security Risks From Huawei Ban: FT,Bloomberg via Yahoo Finance
Will Google's New Video Game Service Challenge Sony (SNE) &amp; Microsoft (MSFT)?,Zacks via Yahoo Finance
Google to acquire data firm Looker for $2.6 billion,Associated Press via Yahoo News
"Google's German jobs product anti-competitive, says Springer unit",Reuters via Yahoo India Finance
Google to buy analytics software firm Looker for $2.6 billion,Reuters via Yahoo Finance
"The Zacks Analyst Blog Highlights: Apple, Facebook, Amazon, Google and Microsoft",Zacks via Yahoo Finance
How digital publishers are fighting back against Facebook and Google’s ad grip,Yahoo Finance
"Google’s Stadia Launches in November, More Store Than Netflix",Variety via Yahoo News
Google's challenge to game consoles to kick off in November,Associated Press via Yahoo News
Google paused its Android Q Beta 4 update after bricking some Pixel phones,BGR News via Yahoo News
Google Details Stadia Ahead of Apple Arcade,Motley Fool via Yahoo Finance
Google Stadia launches in November for $9.99 per month but questions still remain,GameDaily.Biz via Yahoo Finance
Google cloud gaming service to launch in 14 countries this year,AFP via Yahoo News
Google Maps could save your life with new tools for natural disasters,BGR News via Yahoo News
Google Maps adds disaster alerts following Apple's Maps app debut,Yahoo Finance
Google Cloud Scoops Up Looker for $2.6 Billion,Motley Fool via Yahoo Finance
Google Stadia: Our verdict as Google reveals new details for its cloud gaming platform,The Telegraph via Yahoo News UK
Google takes pre-orders for game streaming service launching November,Reuters via Yahoo News
Why Google has more to fear from antitrust regulators than Apple or Facebook,Yahoo Finance
"Earthquake, flood, hurricane: Google Maps adds tools to help you navigate a crisis",USA TODAY via Yahoo News
Google Stadia launches in November with $130 Founder’s Edition,BGR News via Yahoo News
Everything You Need To Know About Google Stadia,Popular Mechanics via Yahoo News
Google to Buy Looker for $2.6 Billion to Expand Cloud Offer,Bloomberg via Yahoo Finance
Google Plans One of Its Biggest Acquisitions Ever in Bid to Bolster Its Cloud Business,Fortune via Yahoo Finance
Google Stadia Goes Live in November,Fortune via Yahoo Finance
"Stadia Details Pricing, Timing, Games (Watch)",Variety via Yahoo News
"<a style=""font-size:16px;"" href=""https://r.search.yahoo.com/_ylt=AwrC1Cm91vtcWCYA5AjQtDMD;_ylu=X3oDMTEyODAwZXF2BGNvbG8DYmYxBHBvcwMxBHZ0aWQDQjc1MDZfMQRzZWMDc3I-/RV=2/RE=1560037181/RO=10/RU=https%3a%2f%2ffinance.yahoo.com%2fnews%2finvestors-facebook-fb-amazon-amzn-162842472.html/RK=2/RS=3H0MXjzP7aNzHsIa93WAQc0z0PM-"" target=""_blank"" title=""Investors in Facebook (FB), Amazon (AMZN) and Alphabet (GOOG) Stocks Shouldn’t Fear Government, Says Top Analyst"">Investors in Facebook (FB), Amazon (AMZN) and Alphabet (GOOG) Stocks Shouldn’t Fear Government, Says...",SmarterAnalyst via Yahoo Finance
Democrats Have Picked the First Target of Their Sweeping Tech Antitrust Probe,Time via Yahoo News
6 Free Language Translation Apps That Make Traveling Abroad a Breeze,Money via Yahoo Finance
2 Little-Known Ways to Save on Your Netflix Subscription,Money Talks News via Yahoo Finance
Here’s a Guide to the U.S. Antitrust Case Against Big Tech Companies,Bloomberg via Yahoo Finance
Google plans to press play on its Stadia cloud gaming service in November,USA TODAY via Yahoo News
Russian regulator says could open new case against Google - RIA,Reuters via Yahoo Finance
"G-20 finance leaders' goal: Adapt to turmoil in trade, tech",Associated Press via Yahoo News
Google Is Changing Its Search Results. Here's What to Expect,Fortune via Yahoo Finance
94 Money-Making Skills You Can Learn in Less Than a Year,GOBankingRates via Yahoo Finance
"Yes, there’s actually an Alexa enabled Roomba you can afford",BGR News via Yahoo News
"<a style=""font-size:16px;"" href=""https://r.search.yahoo.com/_ylt=AwrC1CnC1vtcZX8AOwPQtDMD;_ylu=X3oDMTEyNnQxNmdlBGNvbG8DYmYxBHBvcwM0BHZ0aWQDQjc1MDZfMQRzZWMDc3I-/RV=2/RE=1560037186/RO=10/RU=https%3a%2f%2fuk.news.yahoo.com%2funless-dads-proper-paternity-leave-140823226.html/RK=2/RS=7K9_oT8l4aJcq3iMAwk7E3Xu.F0-"" target=""_blank"" title=""Unless dads take a proper paternity leave, we can't possibly know what full-time parenting really entails"">Unless dads take a proper paternity leave, we can't possibly know what full-time parenting really...",The Independent via Yahoo News UK
"Dutch Billionaire Yet Another Victim of Deceptive Crypto Ads, Sues Facebook",Cointelegraph via Yahoo Finance
Google flags U.S. national security risks from Huawei ban - FT,Reuters via Yahoo Finance
Google In Talks to Sign Lease at Toronto Office Development,Bloomberg via Yahoo Finance
StockBeat - Google Eyes Edge in Cloud War With $2.6B Bid for Lookers,Investing.com via Yahoo Finance
"Meet Sylvia Earle, the Jane Goodall of the Sea",InStyle
UPDATE 3-Google to buy analytics software firm Looker for $2.6 bln,Reuters via Yahoo News
'Hurry up!': G20 urged to speed up digital tax,AFP via Yahoo News
26 Really Funny Tweets That Capture The Absurdity Of Weddings,HuffPost Life via Yahoo News
NASA set up a webcam so you can watch them build the Mars 2020 rover,BGR News via Yahoo News
G20 agrees to push ahead with digital tax: communique,Reuters via Yahoo Finance
The New Infowars Is a Vitamin Site Predicting the Apocalypse,The Daily Beast via Yahoo News
Trump Backs Off Of Mexico Tariff Threat After Agreement Is Made,HuffPost via Yahoo News
PlayStation Days of Play sale slashes prices on a bunch of the best PS4 games,BGR News via Yahoo News
Facebook May Launch Its New Cryptocurrency Sooner Than You Think,Motley Fool via Yahoo Finance
The Best High-End Hotel Rooms on the Planet,GQ via Yahoo News
Best Gifts in the Father's Day Tech Sales,Consumer Reports via Yahoo News
PlayStation boss: There's 'no scenario where the PlayStation and Xbox platforms combine',GameDaily.Biz via Yahoo Finance
"Buttigieg campaign grows, looking to sustain early momentum",Associated Press via Yahoo News
Brazil will not change Amazon fund without asking donors: development bank BNDES,Reuters via Yahoo News
"Save Huge on an Apple Watch, Fitbit, and Bose Headphones With Walmart’s Massive Sale",Men's Health via Yahoo News
Facebook to cut off Huawei to comply with US sanctions,AFP Relax News via Yahoo News
Facebook stops Huawei from pre-installing apps on phones,Associated Press via Yahoo News
'Hands down the best sneaker I've ever owned': The internet loves these sustainable sneakers,Yahoo Canada Style
"How to Succeed in Business, According to Jeff Bezos",Fortune via Yahoo Finance
How do they have my number? 5 ways to avoid being put on robocall lists,USA TODAY via Yahoo News
The World's Largest Automakers Asked Trump Not to Loosen a Climate Change Standard. Here's Why,Time via Yahoo News
"Stock markets rally, dollar drops in anticipation of US rate cuts",AFP via Yahoo News
Microsoft Removes Face Recognition Photos Amid Privacy Controversy,Fortune via Yahoo Finance
Best Tech Deals in June 2019,Tom's Guide via Yahoo Finance
US stock market notches best week since late November,Associated Press via Yahoo Finance
How Alexa Got Her Personality,Variety via Yahoo News
Should You Buy India ETFs after Modi's Re-Election?,Zacks via Yahoo Finance
At The Yard Podcast: Phillies trade targets; impact of Dallas Keuchel and Craig Kimbrel signings,NBC Sports Philadelphia via Yahoo Sports
Your Dad Is Getting The BEST Father’s Day Gift Thanks To This Epic Sale,Women's Health via Yahoo News
Holly Herndon's music is even better in 3D,Mashable via Yahoo Finance
7 Stocks to Buy As They Hit 52-Week Lows,InvestorPlace via Yahoo Finance
New mom Mindy Kaling's advice to career-driven women who want to be mothers,ABC News via Yahoo News
Middle school principal demoted for barring Black History Month lessons: 'She's racist',Yahoo Lifestyle
Judas Priest’s Rob Halford: “A straight man can’t do my job”,Consequence of Sound via Yahoo News
"NASA Reverses Course on Space Tourism, Opens ISS to Private Astronauts, Companies",Fortune via Yahoo Finance
Weyes Blood Shares Her Favorite Movie Soundtracks,Consequence of Sound via Yahoo News
This is what Instagram thinks it knows about you,Quartz via Yahoo Finance
"Flip Phone Challenge: Frontier Pays $1,000 to Briefly Ditch Smartphone",InvestorPlace via Yahoo Finance
How to Sell Your Car and Get the Most for It,Car and Driver via Yahoo News
"<a style=""font-size:16px;"" href=""https://r.search.yahoo.com/_ylt=AwrC0wzm1vtcyQcAMgDQtDMD;_ylu=X3oDMTEyNHY1a3Q5BGNvbG8DYmYxBHBvcwMyBHZ0aWQDQjc1MDZfMQRzZWMDc3I-/RV=2/RE=1560037222/RO=10/RU=https%3a%2f%2fwww.yahoo.com%2fentertainment%2fhollywood-vampires-unveil-cover-david-165920377.html/RK=2/RS=b20QTWhvAGFlCNRgsBv1qvMpDS0-"" target=""_blank"" title=""Hollywood Vampires unveil cover of David Bowie’s “Heroes” featuring Johnny Depp on lead vocals: Stream"">Hollywood Vampires unveil cover of David Bowie’s “Heroes” featuring Johnny Depp on lead vocals:...",Consequence of Sound via Yahoo News
Business Highlights,Associated Press via Yahoo Finance
3 Sectors Took a Nosedive in Latest Jobs Report,Fortune via Yahoo Finance
Choose from This Slew of Great Side Hustles to Earn Extra Cash,Kiplinger via Yahoo Finance
"30 Smart Ways to Spend $1,000",Kiplinger via Yahoo Finance
"Papers, please! Don't let travel document problems ground your next vacation",USA TODAY via Yahoo News
Harley Flanagan working on new Cro-Mags album that sounds like “Metallica meets Minor Threat”,Consequence of Sound via Yahoo News
Alec Baldwin says he’s “so done” playing Donald Trump on SNL,Consequence of Sound via Yahoo News
"New Huawei phones won't have Facebook, WhatsApp or Instagram pre-installed, report says",USA TODAY via Yahoo News
"Patton Oswalt on life with his cat, Addison, and 'The Secret Life of Pets 2'",Good Morning America via Yahoo News
This Amazon Organizer Will Change the Way You Dry Dishes,Good Housekeeping via Yahoo News
Devon Welsh returns with new meditative song “Faces”: Stream,Consequence of Sound via Yahoo News
Russia's Latest Internet Crackdown Targets Tools for Avoiding Online Censorship,Fortune via Yahoo Finance
The Flamingo Pose Is Summer's New Stance You Need to Know About,Marie Claire via Yahoo News
This Cyclist Impaled His Leg on His Bike in a Horrifying Race Crash,Men's Health via Yahoo News
Take Buffett’s Advice: 5 Vanguard Funds to Buy,InvestorPlace via Yahoo Finance
Facebook’s ‘GlobalCoin’ Crypto Will Be Tied to Multiple Currencies: Exec,Coindesk via Yahoo Finance
So Much for AT&amp;T's Grand Advertising and Streaming Plan—Data Sheet,Fortune via Yahoo Finance
Chicago couple says they were 'poisoned' at same Dominican resort where 3 Americans died,AOL.com via Yahoo News
Big Firms Are Investing in Rented E-Scooters. Here's Why,Zacks via Yahoo Finance
There's No Roadmap to Breaking Up Facebook—But Here's Where the Government Might Start,Fortune via Yahoo Finance
Transitioning Into the 2020s: The Shape of Pants to Come,Vogue via Yahoo News
Thailand’s Largest Commercial Bank Retracts Tweet Indicating Plans to Use Ripple’s XRP,Cointelegraph via Yahoo Finance
Factbox: Women who could run the EU,Reuters via Yahoo News
This ultra-slim fast wireless charger is on sale for $8,BGR News via Yahoo News
Sebastian Bach issues open invitation to former Skid Row bandmates to join him on US tour,Consequence of Sound via Yahoo News
Facebook Sources Say That Stablecoin White Paper Will Come on June 18,Cointelegraph via Yahoo Finance
This Day In Market History: Judge Orders Breakup Of Microsoft,Benzinga via Yahoo Finance
A Jobs Report for Recession-Watchers: CEO Daily,Fortune via Yahoo Finance
This baby dives right into her Starbucks in adorable photo shoot,Good Morning America via Yahoo News
Russia's TCS co-owner to Yandex: let's integrate,Reuters via Yahoo Finance
What to Watch this Weekend: The season premiere of Big Little Lies and the Tony Awards,Entertainment Weekly via Yahoo News
Should we be able to take our dogs to work?,Yahoo News UK
Nokia launches cheapest smartphone to power Android Q for about $112,AFP Relax News via Yahoo News
Europe's New Tech Giant Is 100 Times More Outrageous Than Facebook,Bloomberg via Yahoo Finance
"Eagle Eye Podcast: Mo money, mo pressure for Carson Wentz",NBC Sports Philadelphia via Yahoo Sports
"Traina Thoughts: From 1 to 32, Here Are the Definitive NFL QB Beer-Chugging Power Rankings",Sports Illustrated via Yahoo Sports
"<a style=""font-size:16px;"" href=""https://news.yahoo.com/suze-orman-stonewall-50-tears-083915593.html;_ylt=AwrC1TED1_tc71AAGhPQtDMD;_ylu=X3oDMTEyZXFmYmMwBGNvbG8DYmYxBHBvcwMzBHZ0aWQDQjc1MDZfMQRzZWMDc3I-"" target=""_blank"" title=""Suze Orman on Stonewall 50: ‘I Have Tears in My Eyes. How Do You Thank Somebody for Giving You Your Life?’"">Suze Orman on Stonewall 50: ‘I Have Tears in My Eyes. How Do You Thank Somebody for Giving You Your...",The Daily Beast via Yahoo News
Scouted: Amazon’s Got Everything You Need to Shop for Father’s Day and Find a Perfect Gift,The Daily Beast via Yahoo News
Brexit is a direct threat to the glorious scientific collaboration that sustains our modern world,The Independent via Yahoo News UK
"E3 2019: Xbox's June 9 Media Briefing - how to watch, what to expect",AFP Relax News via Yahoo News
"Russian disinformation on YouTube draws ads, lacks warning labels: researchers",Reuters via Yahoo News
"E3 2019: Bethesda's June 9 Showcase - how to watch, what to expect",AFP Relax News via Yahoo News
Facebook suspends app pre-installs on Huawei phones,Reuters via Yahoo News
The Top 5 cryptocurrencies latest price,Coin Rivet via Yahoo Finance
"Courtney Barnett On Patti Smith, Politics, And Everything In Between",Refinery 29 UK via Yahoo News
Stephen King’s The Langoliers Disappears Into Boring Air,Consequence of Sound via Yahoo News
The Jonas Brothers reveal reunion album Happiness Begins: Stream,Consequence of Sound via Yahoo News
Future premieres Save Me EP: Stream,Consequence of Sound via Yahoo News
Liam Gallagher returns with new song “Shockwave”: Stream,Consequence of Sound via Yahoo News
Can A Sexless Marriage Survive? We Asked The Experts,HuffPost UK via Yahoo News
CEOs Are Being Forced to Hedge Against the Chaos of a Full-On Trade War,Bloomberg via Yahoo Finance
"If you can give up your smartphone for a week, this company will pay you $1,000",BGR News via Yahoo News
Banning Huawei would cost EU telcos up to 55 bn euros: industry body,AFP via Yahoo News
UK's Hammond takes case for digital sales tax to G20 meeting in Japan,Reuters via Yahoo News
"<a style=""font-size:16px;"" href=""https://r.search.yahoo.com/_ylt=AwrC2Q4Q1_tcwzAAeQLQtDMD;_ylu=X3oDMTEyNnQxNmdlBGNvbG8DYmYxBHBvcwM0BHZ0aWQDQjc1MDZfMQRzZWMDc3I-/RV=2/RE=1560037264/RO=10/RU=https%3a%2f%2fwww.yahoo.com%2fentertainment%2fyoutube-creators-worry-ll-steven-231513412.html/RK=2/RS=4f0RIGRtHFQKs5adP_A0sUhEPRE-"" target=""_blank"" title=""Some YouTube Creators Worry They’ll Get the Steven Crowder Treatment With ‘Arbitrary’ Rules Enforcement"">Some YouTube Creators Worry They’ll Get the Steven Crowder Treatment With ‘Arbitrary’ Rules...",The Wrap via Yahoo News
Delaware students protest the alleged racism they have faced at their school,Yahoo Lifestyle
"Luxury Lockers Are Now a Thing at Apple, Nike, and Other Fortune 500 Companies",Robb Report via Yahoo News
An AI's Carbon Footprint Is 5 Times Bigger Than a Car's,Popular Mechanics via Yahoo News
YouTube faces backlash after unveiling 'supremacist' content policy,Yahoo News
Thru Axle Lever Impales Cyclist’s Leg in Horrifying Race Crash,Bicycling via Yahoo News
Why Booking Holdings Stock Lost 11% Last Month,Motley Fool via Yahoo Finance
Should Big Tech be broken up?,Yahoo News 360
Sixers Talk Podcast: Where were you for AI's step over?,NBC Sports Philadelphia via Yahoo Sports
"Amazon Leaks ‘Destroy All Humans!’ Reboot, Coming to Xbox One, PS4",Variety via Yahoo News
The Obamas Signed With Spotify to Distribute New Podcasts From Higher Ground,Fortune via Yahoo Finance
"Amazon Prime Air delivery drone to start dropping packages 'within months,' officials say",USA TODAY via Yahoo News
Huawei Strikes a 5G Deal in Russia as the Chinese Tech Giant Remains on U.S. Blacklist,Fortune via Yahoo Finance
A $100 Million Crypto Fund Opens With the Goal of Going Long,Bloomberg via Yahoo Finance
Crowder Isn’t a Threat to Public Safety,National Review via Yahoo News
"‘Smart home’ gadgets are probably spying on you, scientists warn",Yahoo News UK
"MongoDB (MDB) Q1 Loss Narrows, Revenues Up on Atlas Growth",Zacks via Yahoo Finance
How to buy Litecoin in Germany,Coin Rivet via Yahoo Finance
These Amazing Father's Day Sales Are Perfect for Procrastinators,Good Housekeeping via Yahoo News
Apttus Co-Founder Kent Perkocha Scores $22 Million Atherton Estate,Variety via Yahoo News
Flywheel Hopes to Leave Peloton's Claims of Patent Infringement in the Dust,Fortune via Yahoo Finance
"'We're not protecting our children': Santa Fe shooting survivors demand answers, independent review",USA TODAY via Yahoo News
Baldur's Gate III officially announced with gruesome teaser trailer,Entertainment Weekly via Yahoo News
Popular Alexa enabled smart plugs are somehow under $7 each today,BGR News via Yahoo News
Beyond Meat Q1 Preview: Prolific Growth or Just a Pipe Dream?,Zacks via Yahoo Finance
"Who is Mark Stevens, Warriors minority owner banned from NBA for year?",NBC Sports BayArea via Yahoo Sports
Here's the Real Deal With Those Prince William and Kate Middleton Affair Rumors,Cosmopolitan via Yahoo News
Amazon's New Drones to Boost E-commerce Delivery Abilities,Zacks via Yahoo Finance
How To Find The Right Online Checking Account,Benzinga via Yahoo Finance
Traina Thoughts: Beyonce's Death Stare Was the Highlight of Game 3 of the NBA Finals,Sports Illustrated via Yahoo Sports
The Surveillance Threat Is Not What Orwell Imagined,Time via Yahoo News
"‘Darksiders’ Spin-Off Leaks on Amazon, Introduces Horseman Strife",Variety via Yahoo News
Who Is Mark Stevens? Here's What We Know About the VC Banned for Shoving Raptors Star Kyle Lowry,Fortune via Yahoo Finance
First transatlantic flight centenary: Why Derrigimlagh bog is about to steal the spotlight,The Independent via Yahoo News UK
Warriors apologize for minority owner's shove of Lowry,Reuters via Yahoo Sports
The TurboTax Giveaway Is Dead,HuffPost via Yahoo News
Senators say Fair Debt Collection Practices Act proposal puts industry ahead of consumers,USA TODAY via Yahoo News
How Much Money Do YouTubers Make?,Reader's Digest via Yahoo News
How Limited Series Play in the Past but Still Speak to Today’s Sensibilities,Variety via Yahoo News
Former Mt Gox CEO sets the record straight about his new venture; says AP missed the mark,The Block via Yahoo Finance
"<a style=""font-size:16px;"" href=""https://r.search.yahoo.com/_ylt=AwrC1jEr1_tcwW4AtQjQtDMD;_ylu=X3oDMTEyZG9tZHRjBGNvbG8DYmYxBHBvcwM2BHZ0aWQDQjc1MDZfMQRzZWMDc3I-/RV=2/RE=1560037291/RO=10/RU=https%3a%2f%2fwww.yahoo.com%2fentertainment%2fmocked-vox-writer-says-youtube-161718923.html/RK=2/RS=uW54WGQ31zaLRpCJ2Fd7Bvvdb0g-"" target=""_blank"" title=""Mocked Vox Writer Says YouTube “Creating A Platform Where Only Monsters Feel Safe”; Ted Cruz Defends De-Monitized Right..."">Mocked Vox Writer Says YouTube “Creating A Platform Where Only Monsters Feel Safe”; Ted Cruz Defends...",Deadline via Yahoo News
Soon Players Can Enjoy ‘Destiny 2’ on Steam— For Free,Variety via Yahoo News
‘Baldur’s Gate III’ Officially in Development at Larian Studios,Variety via Yahoo News
Tornado outbreaks a reminder to make smartphones disaster-ready,USA TODAY via Yahoo News
62 Super Deals and Discounts for 2019,Kiplinger via Yahoo Finance
Justin Bieber and Hailey Baldwin reportedly have a wedding date - and it's soon!,Cosmo via Yahoo News
I Washed My Face With Manuka Honey for a Week—Here’s What Happened,Self via Yahoo News
3 Top U.S. Stocks to Watch in June,Motley Fool via Yahoo Finance
49% of Americans Under Age 35 Now Report Having a 'Side Hustle',Fortune via Yahoo Finance
Should Alexa Provide Evidence in Court? German Security Chiefs Say Yes,Fortune via Yahoo Finance
Melvins cancel European tour due to drummer Dale Crover’s back injury,Consequence of Sound via Yahoo News
Domo Inc (DOMO) Q1 2020 Earnings Call Transcript,Motley Fool via Yahoo Finance
"DocuSign, Inc. (DOCU) Q1 2020 Earnings Call Transcript",Motley Fool via Yahoo Finance
Derma Rollers Are Officially The New Jade Roller; Here’s Why,STYLECASTER via Yahoo News
"A Week In Boston, MA, On A $52,000 Salary",Refinery29 via Yahoo News
'Middle Mile' AV Startup Gatik Announces $4.5M Seed Round,Benzinga via Yahoo Finance
8 Dads Tell Us What They Really Want For Father's Day,Refinery29 via Yahoo News
Barack Obama launches podcast network with Spotify,Consequence of Sound via Yahoo News
"With ‘Homecoming,’ Sam Esmail Aspired for More Than Just ‘Mr. Robot’-Style Cliffhangers",Indiewire via Yahoo News
Does the SEC's ICO Lawsuit Against Kik Go Too Far?,Fortune via Yahoo Finance
Bulls Talk Podcast: Draft scouting with Ricky O’Donnell; Ricky and Kendall debate Rose,NBC Sports Chicago via Yahoo Sports
Cocaine confession: Michael Gove accused of 'rank hypocrisy',Sky News via Yahoo News UK
Make time to play these ‘must-have’ video games for your Apple Watch,USA TODAY via Yahoo News
"<a style=""font-size:16px;"" href=""https://r.search.yahoo.com/_ylt=AwrC1zFK1_tcbWkANADQtDMD;_ylu=X3oDMTEyZXFmYmMwBGNvbG8DYmYxBHBvcwMzBHZ0aWQDQjc1MDZfMQRzZWMDc3I-/RV=2/RE=1560037322/RO=10/RU=https%3a%2f%2ffinance.yahoo.com%2fnews%2finvestors-facebook-fb-amazon-amzn-162842472.html/RK=2/RS=e2QmEemClNcB0Lpf1uVU_pHizks-"" target=""_blank"" title=""Investors in Facebook (FB), Amazon (AMZN) and Alphabet (GOOG) Stocks Shouldn’t Fear Government, Says Top Analyst"">Investors in Facebook (FB), Amazon (AMZN) and Alphabet (GOOG) Stocks Shouldn’t Fear Government, Says...",SmarterAnalyst via Yahoo Finance
Stocks - S&amp;P 500 Makes a Late Surge as Trade Tensions Ease,Investing.com via Yahoo Finance
Google buys analytics startup Looker to bolster its cloud,AFP Relax News via Yahoo News
Apple's Self-Driving Technology Project Might Get A Boost With Drive.ai's Acquisition,Benzinga via Yahoo Finance
"Forget the Trade War, Alibaba Is Winning the Cloud Wars",InvestorPlace via Yahoo Finance
UPDATE 4-Google to buy analytics software firm Looker for $2.6 bln,Reuters via Yahoo Finance
"The Zacks Analyst Blog Highlights: Alphabet, Amazon and IBM",Zacks via Yahoo Finance
Best walking shoes: Top-rated stylish and comfortable shoes you can walk in all day,Yahoo Canada Style
Fitness Startup Peloton Officially Begins Its Path to IPO: Term Sheet,Fortune via Yahoo Finance
GOOGLE TO ACQUIRE LOOKER FOR $2.6 BILLION IN AN ALL-CASH TRANSACTION,Reuters via Yahoo News
The SEC's Kik Crypto Case Shows Just How Far Crypto Has To Go—Data Sheet,Fortune via Yahoo Finance
"Amazon Picked by NASCAR as Cloud Provider, AWS Base Expands",Zacks via Yahoo Finance
Where's my Apple Music and your other WWDC questions answered,USA TODAY via Yahoo News
KFC thinks it has a finger-clickin’ good digital strategy,Yahoo Finance Canada
The 10 most exciting hidden iPhone features in iOS 13,BGR News via Yahoo News
Last-Minute Father's Day Gifts That Will Still Arrive In Time,HuffPost Life via Yahoo News
Nokia (NOK) to Extend IP-Based Services in Norway &amp; Denmark,Zacks via Yahoo Finance
The Silicon Valley employees secretly living in motor homes behind Google,The Independent via Yahoo News UK
New report finds majority of top EOS dApp accounts are owned by bots,Coin Rivet via Yahoo Finance
These 27 Women Are Leading the Charge to Protect Our Environment,Elle via Yahoo News
Edited Transcript of ESTC.N earnings conference call or presentation 5-Jun-19 9:00pm GMT,Thomson Reuters StreetEvents via Yahoo Finance
Latest Litecoin price and analysis (LTC to USD),Coin Rivet via Yahoo Finance
"Barrels of Oil May Be Paid for Using Crypto One Day, Head of Russian Energy Giant Says",Cointelegraph via Yahoo Finance
China grants 5G commercial licences despite US tech battle,AFP via Yahoo News
What to Watch on Thursday: Younger stars fight it out on Lip Sync Battle,Entertainment Weekly via Yahoo News
"<a style=""font-size:16px;"" href=""https://r.search.yahoo.com/_ylt=AwrC0F9a1_tc7CcAvwPQtDMD;_ylu=X3oDMTEyZG9tZHRjBGNvbG8DYmYxBHBvcwM2BHZ0aWQDQjc1MDZfMQRzZWMDc3I-/RV=2/RE=1560037339/RO=10/RU=https%3a%2f%2ffinance.yahoo.com%2fnews%2fhelbiz-launches-historic-initial-public-100000857.html/RK=2/RS=6IpM5oteD5fBVY8kPke3tXKikms-"" target=""_blank"" title=""Helbiz Launches Historic Initial Public Offering Process to Dual List on NASDAQ and Borsa Italiana’s AIM Italia"">Helbiz Launches Historic Initial Public Offering Process to Dual List on NASDAQ and Borsa Italiana’s...",IPO-Edge.com via Yahoo Finance
Google's natural disaster alerts will soon come with more visual detail,Mashable via Yahoo Finance
Queen's personal connection to wartime generation makes poignant tribute,Sky News via Yahoo News UK
5 Best-Performing Tech Stocks So Far This Year,TipRanks via Yahoo Finance
The Most Expensive #MeToo Scandals Ever,GOBankingRates via Yahoo Finance
Amazon drone deliveries to begin 'in months',The Independent via Yahoo News UK
Big Tech Is Armed and Waiting to Repel U.S. Antitrust Onslaught,Bloomberg via Yahoo Finance
China grants 5G licences for commercial use,AFP Relax News via Yahoo News
Consumer Reports Launches New Digital Lab,Consumer Reports via Yahoo News
Edited Transcript of MDB.OQ earnings conference call or presentation 5-Jun-19 9:00pm GMT,Thomson Reuters StreetEvents via Yahoo Finance
A $2.6B takeover of Looker shows Google's head is in the cloud,Pitchbook via Yahoo Finance
Elastic N V (ESTC) Q4 2019 Earnings Call Transcript,Motley Fool via Yahoo Finance
Metallica perform National Anthem at NBA Finals Game 3: Watch,Consequence of Sound via Yahoo News
Get a Good Last-Minute Travel Deal,Kiplinger via Yahoo Finance
Apple's Latest Move Could Hurt Facebook and Google,Motley Fool via Yahoo Finance
Edited Transcript of YEXT.N earnings conference call or presentation 30-May-19 9:00pm GMT,Thomson Reuters StreetEvents via Yahoo Finance
Tech Execs on How to Balance What’s Good for Society and Shareholder Obligations,The Wrap via Yahoo News
"G20 to tackle US-China trade war, digital tax",AFP via Yahoo News
EXPLAINER-Should Big Tech fear U.S. antitrust enforcers?,Reuters via Yahoo Finance
"'Hello, Welcome to Uber Copter': Uber to Offer Helicopter Rides in New York City",Fortune via Yahoo Finance
"Gay Latino journalist reports far-right YouTube personality for harassment, the company sends mixed...",ABC News via Yahoo News
GOP lawmakers divided on House antitrust tech probe,Politico via Yahoo News
Black Mirror creator weighs in on social networks banning users for 'hateful' content,Entertainment Weekly via Yahoo News
Letters: Without the support of the Americans there would never have been a D-Day to remember,The Telegraph via Yahoo News UK
Amazon Reveals Its Latest Delivery Drone Design,Fortune via Yahoo Finance
Apple's New Sign-In Feature Is a 'Shot Across the Bow' at Google and Facebook,Fortune via Yahoo Finance
Research Group To Launch Delivery Locker Pilot In Downtown Seattle,Benzinga via Yahoo Finance
The 'Game Of Thrones' Finale Was Much Darker Than It Seemed,HuffPost via Yahoo News
LGBTQ Influencers Criticize YouTube After Homophobic Videos Are Allowed to Stay,Rolling Stone via Yahoo News
Amazon says drones will be making deliveries in 'months',Associated Press via Yahoo Finance
Silicon Valley Heads to Oakland for NBA Finals: Which Tech Giants Will Sit Courtside?,Variety via Yahoo News
Microsoft Delivers Another Blow to GameStop,Motley Fool via Yahoo Finance
Powell Backstops the Bull,InvestorPlace via Yahoo Finance
"GM Is Planning Electric Cars That Won't Give Buyers Sticker Shock, General Motors President Says",Fortune via Yahoo Finance
How to Be a Great Uncle For Your Nieces and Nephews,Fatherly via Yahoo News
YouTube Finally Bans Supremacist Videos After 14 Years. What Took So Long?,Fortune via Yahoo Finance
Wonder Woman 1984 poster reveals Gal Gadot’s new Golden Eagle armor,Consequence of Sound via Yahoo News
What We Know About Sony's Next-Gen Cloud Gaming Strategy,Motley Fool via Yahoo Finance
Everything we know about Sony's PlayStation 5 so far,Digital Spy via Yahoo News UK
Listen: How Mass Appeal Plans to Build on ‘Wu-Tang Clan: Of Mics and Men’ Momentum,Variety via Yahoo News
All the new iPad gestures you need to learn to leave your laptop behind,BGR News via Yahoo News
Why Streaming TV Firm Roku Stock Looks Like a Buy at New Highs,Zacks via Yahoo Finance
Eagle Eye Podcast: Is it necessary for Malcolm Jenkins to hold out?,NBC Sports Philadelphia via Yahoo Sports
"Google Stadia pricing, launch details for 'Netflix of video games' expected",Fox Business via Yahoo Finance
"YouTube to ban 'hateful,' 'supremacist' videos",AFP via Yahoo News
UPDATE 1-Amazon executive says company welcomes scrutiny of big tech,Reuters via Yahoo Finance
Casual Connect: Oculus Quest the 'first major stepping stone' for VR,GameDaily.Biz via Yahoo Finance
Should Big Tech fear U.S. antitrust enforcers?,Reuters via Yahoo Finance
Amazon Wants to Make Alexa a Lot More Conversational,Variety via Yahoo News
Why GameStop (GME) Stock Plummeted 40% Despite Earnings Beat,Zacks via Yahoo Finance
"Why the US should go after Facebook before Apple, Amazon, or Google: Tech",Yahoo Finance
Explainer: Should Big Tech fear U.S. antitrust enforcers?,Reuters via Yahoo News
"<a style=""font-size:16px;"" href=""https://r.search.yahoo.com/_ylt=AwrC1DF81_tceToAWBjQtDMD;_ylu=X3oDMTEyZXFmYmMwBGNvbG8DYmYxBHBvcwMzBHZ0aWQDQjc1MDZfMQRzZWMDc3I-/RV=2/RE=1560037372/RO=10/RU=https%3a%2f%2fwww.yahoo.com%2fentertainment%2fvarg-vikernes-channel-eliminated-youtube-200752595.html/RK=2/RS=xOZKxSvX2tGKEMaZ.v1I6x3leXs-"" target=""_blank"" title=""Varg Vikernes’ channel eliminated as YouTube deletes videos promoting hate speech, Nazi ideology, and conspiracy theories"">Varg Vikernes’ channel eliminated as YouTube deletes videos promoting hate speech, Nazi ideology,...",Consequence of Sound via Yahoo News
Who Owns India's Top Streaming Service? Would You Believe Disney?,Motley Fool via Yahoo Finance
The 73 Funniest Knock-Knock Jokes for Kids,Fatherly via Yahoo News
YouTube updates hate speech guidelines to prohibit videos,Associated Press via Yahoo News
Walmart CEO Calls for Raising the Federal Minimum Wage,Fortune via Yahoo Finance
YouTube's Track Record Suggests Its New Anti-Hate Policy Will Fail,HuffPost via Yahoo News
Apple sued for anti-competitive practices as US Department of Justice considers antitrust probe,GameDaily.Biz via Yahoo Finance
YouTube Cracks Down on Conservative Comedian Over Homophobic Remarks,Bloomberg via Yahoo Finance
Give Dad the Gift of Silence With Noise-Canceling Headphones for Father's Day,Consumer Reports via Yahoo News
Cramer Says He Understands The Case For Breaking Up Big Tech,Benzinga via Yahoo Finance
Kelkoo ready to take Google complaint to U.S. antitrust regulators - CEO,Reuters via Yahoo Finance
"YouTube Confuses Everyone, Satisfies Nobody With Half-Measure Against Homophobe Steven Crowder",The Daily Beast via Yahoo News
Kelkoo ready to take Google complaint to U.S. antitrust regulators: CEO,Reuters via Yahoo Canada News
How a Single Curb Hurt Three Cyclists and Cost a City $1.7 Million,Bicycling via Yahoo News
Bungie to Reveal ‘Next Chapter’ of ‘Destiny 2’ on Thursday,Variety via Yahoo News
Arlo Pro 2 cameras are $67 off today on Amazon,BGR News via Yahoo News
Revocation and Voivod announce co-headlining 2019 North American tour,Consequence of Sound via Yahoo News
Apple's most important product isn't the iPhone anymore,Yahoo Finance
Oracle's Alliance With Microsoft Halts Its Dead-End Cloud Strategy,Bloomberg via Yahoo Finance
How Cord Cutting Is Driving Big Changes Across the Media Landscape,Fortune via Yahoo Finance
The Best Stocks to Avoid the Coming Retirement Crisis,InvestorPlace via Yahoo Finance
18 hours of music from Radiohead’s OK Computer sessions have leaked online,Consequence of Sound via Yahoo News
7 Best Smartwatches,Fatherly via Yahoo News
"Sheryl Crow, Stevie Nicks, and Maren Morris team for “Prove You Wrong”: Stream",Consequence of Sound via Yahoo News
"Buy Apple Stock Despite Worries on WWDC, Services &amp; Privacy Optimism?",Zacks via Yahoo Finance
"Under fire, YouTube updates its policy on racist content and conspiracy theories",Yahoo News
"YouTube to Ban Videos Promoting Extremist, Supremacist Views",Rolling Stone via Yahoo News
China's Huawei signs deal to develop 5G in Russia,AFP via Yahoo News
"UPDATE 3-YouTube reversal bans Holocaust hoaxers, stops pay for borderline creators",Reuters via Yahoo News
The FTC Is Reportedly Questioning Amazon’s Competitors About These Potential Antitrust Issues,Footwear News via Yahoo News
Brand new Philips Hue white LED bulbs are only 50¢ more than refurbs right now,BGR News via Yahoo News
"YouTube to ban supremacist content, purge videos",Politico via Yahoo News
UPDATE 2-Huawei denies report that orders to key suppliers cut after U.S. blacklisting,Reuters via Yahoo News
US Girls’ Meghan Remy on the Impact of Billy Joel,Consequence of Sound via Yahoo News
"<a style=""font-size:16px;"" href=""https://r.search.yahoo.com/_ylt=AwrC1TGS1_tcaDgAyw7QtDMD;_ylu=X3oDMTEyODAwZXF2BGNvbG8DYmYxBHBvcwMxBHZ0aWQDQjc1MDZfMQRzZWMDc3I-/RV=2/RE=1560037394/RO=10/RU=https%3a%2f%2fwww.yahoo.com%2flifestyle%2fcampground-employee-fired-for-chasing-couple-off-property-with-a-gun-you-dont-belong-here-212311732.html/RK=2/RS=79J3R3bkxTiaTRIkXMCj9iC5f7w-"" target=""_blank"" title=""White campground employee arrested after chasing black couple off property with a gun: ‘You don’t belong here’"">White campground employee arrested after chasing black couple off property with a gun: ‘You don’t...",Yahoo Lifestyle
A $442 Billion Money Manager Says Tech's Glory Days Are Over,Bloomberg via Yahoo Finance
GameStop Slumps 40% to 16-Year Low as Gaming Passes It By,Bloomberg via Yahoo Finance
Fontaines D.C. on Marrying Poetry to Punk,Consequence of Sound via Yahoo News
Jeff Daniels on his Tony nod: 'I'm just glad to get a ticket to the party',Good Morning America via Yahoo News
"It’s folly to break up Amazon, Apple and Google",Yahoo Finance
"YouTube reversal bans Holocaust hoaxers, stops pay for borderline creators",Reuters via Yahoo Finance
Huawei denies report that orders to key suppliers cut after U.S. blacklisting,Reuters via Yahoo Finance
YouTube Cracks Down on Videos Glorifying Nazi Ideology,Bloomberg via Yahoo Finance
"The Body announce brief US tour, including sets with the Assembly of Light Choir",Consequence of Sound via Yahoo News
This $24 LED light strip has an awesome feature you won’t find on an $80 Philips Hue strip,BGR News via Yahoo News
The Feds Are Talking About Breaking Up Tech Giants. How Would That Affect Consumers?,Consumer Reports via Yahoo News
U.S. antitrust probe to be credit negative for Google - Moody's,Reuters via Yahoo News
"Google, Amazon, Facebook and Apple Could Face Antitrust Investigations. How Do Those Work?",Time via Yahoo News
The 4 FANG Stocks Won’t Be Bitten By Regulation Threats,InvestorPlace via Yahoo Finance
"YouTube Bans Supremacist Content, Including Neo-Nazi and Holocaust Denial Videos",Variety via Yahoo News
10 Cool Employee Perks You'll Want From Your Boss,MoneyWise via Yahoo Finance
Biden campaign tweaks policy platforms after reports highlighting similar language,USA TODAY via Yahoo News
5G Stocks: The Race to Win the Revolution Heats Up,InvestorPlace via Yahoo Finance
Stanley Druckenmiller: People Have Been Doing Stupid Things,GuruFocus.com via Yahoo Finance
"Buy a Nest thermostat, get a free Google Home Mini at Walmart",Mashable via Yahoo Finance
"Torche release new song “Times Missing”, add summer tour dates supporting Baroness",Consequence of Sound via Yahoo News
"Why the US should go after Facebook before Apple, Amazon, or Google",Yahoo Finance
Government Minister Wants To Shift Cargo From Trucks To Rail,Benzinga via Yahoo Finance
'Devastating Computer Worms': NSA Urges Windows Update to Patch BlueKeep Security Flaw,Fortune via Yahoo Finance
"Apple unveils $1,000 Pro Display stand. Twitter users say 'no thanks!'",USA TODAY via Yahoo News
Miley Cyrus sings reworked Nine Inch Nails songs in Black Mirror Series 5,Consequence of Sound via Yahoo News
Lawmakers wrangle over consumer lawsuits as privacy talks drag,Politico via Yahoo News
Municipal Waste and Napalm Death announce co-headlining fall 2019 US tour,Consequence of Sound via Yahoo News
Making the Most of an Accelerator Program: 4 Startup Strategies,Entrepreneur via Yahoo Finance
Alphabet Stock Is Still a Sure Thing for Long-Term Investors,InvestorPlace via Yahoo Finance
"Junk food adverts from McDonald's, M&amp;S and Asda banned for targeting children online",The Independent via Yahoo News UK
Aurora Cannabis’ (ACB) Global Expansion Makes the Stock a Solid Play,SmarterAnalyst via Yahoo Finance
"<a style=""font-size:16px;"" href=""https://r.search.yahoo.com/_ylt=AwrC1Cmj1_tcrCAAIQrQtDMD;_ylu=X3oDMTEzcXF2ODV0BGNvbG8DYmYxBHBvcwMxMAR2dGlkA0I3NTA2XzEEc2VjA3Ny/RV=2/RE=1560037411/RO=10/RU=https%3a%2f%2fsports.yahoo.com%2ftraina-thoughts-despite-backlash-losing-144133523.html/RK=2/RS=aMhCs24M15oEhTUuvzgbejCP3Zw-"" target=""_blank"" title=""Traina Thoughts: Despite Backlash, Losing Followers, Darren Rovell Says He'd Tweet 'Jeopardy!' Spoiler Again"">Traina Thoughts: Despite Backlash, Losing Followers, Darren Rovell Says He'd Tweet 'Jeopardy!'...",Sports Illustrated via Yahoo Sports
"Americans think fake news is big problem, blame politicians",Associated Press via Yahoo News
Japanese Breakfast cover Tears for Fears’ “Head Over Heels”: Stream,Consequence of Sound via Yahoo News
Everything You Need to Know to Write Your Own Wedding Vows,Harper's Bazaar via Yahoo News
The Secret to Finding the Best Stocks to Buy in a Volatile Market,InvestorPlace via Yahoo Finance
Should You Buy the FANG Stocks Sell-Off?,InvestorPlace via Yahoo Finance
"Blanck Mass announces new album, Animated Violence Mild, shares “House vs. House”: Stream",Consequence of Sound via Yahoo News
RSPCA hunt mystery woman who strangled swan to death in public park,Yahoo News UK
"The Zacks Analyst Blog Highlights: Alphabet, Facebook, Amazon, Apple and Twitter",Zacks via Yahoo Finance
Elena Cornaro Piscopia: Five things to know about the first woman to receive a PhD,The Independent via Yahoo News UK
9 Podcasts Fit for Retirees,Kiplinger via Yahoo Finance
"The Container Store, ArcBest, Alphabet, Amazon.com and Facebook highlighted as Zacks Bull and Bear...",Zacks via Yahoo Finance
Interview: Germany's Scholz views G20 meeting as milestone for minimum corporate tax,Reuters via Yahoo Finance
Alibaba (BABA) Boosts Global Presence With New Cloud Products,Zacks via Yahoo Finance
Everything You Need to Know About Masterpass,U.S.News &amp; World Report via Yahoo News
Apple Unveils iOS 13 Featuring Dark Mode &amp; iPad OS at WWDC '19,Zacks via Yahoo Finance
2020 Democrats have a lot of ideas for Walmart,Yahoo Finance
Nokia Gathers Solid Pace in 5G Commercial Deals Across Globe,Zacks via Yahoo Finance
National Donut Day Made Possible by The Salvation Army,PR Newswire via Yahoo Finance
Spiritualized perform “I’m Your Man” on Colbert: Watch,Consequence of Sound via Yahoo News
"Google, Facebook have tight grip on growing U.S. online ad market: report",Reuters via Yahoo Finance Canada
AMD Radeon GPUs to Boost Apple Mac Pro's Graphics Performance,Zacks via Yahoo Finance
"Innovators List 2019: 12 Hollywood Disrupters, From Jordan Peele to CBS News Boss Susan Zirinsky",The Wrap via Yahoo News
"Google, Facebook have tight grip on growing U.S. online ad market - report",Reuters via Yahoo Finance
4 ways to make the most of your week in Atlanta,Hoodline via Yahoo News
Wall Street Sees Second Best Day of the Year: 5 Winners,Zacks via Yahoo Finance
Fallen Money Manager Turns to YouTube to Explain Losses and Stranded Cash,Bloomberg via Yahoo Finance
This Woman Recreated The Perfect Baby Photoshoot – With Her PhD Thesis,HuffPost UK via Yahoo News UK
2D spintronics has already transformed computing – now we're making it work in three dimensions,The Conversation via Yahoo News UK
"Google Says ""Marijua-No"" to Cannabis Apps",Motley Fool via Yahoo Finance
In-car tech: vital for our safety or a fatal distraction?,The Independent via Yahoo News UK
YouTube says 'homophobic harassment' is allowed on its site,The Telegraph via Yahoo News UK
The US now wants to check travellers' social media - and it's going to cause chaos,The Telegraph via Yahoo News UK
Russia's manipulation of Twitter was far vaster than believed,Politico via Yahoo News
"What to Watch on Wednesday: A creepy, pink-haired Miley Cyrus on Black Mirror",Entertainment Weekly via Yahoo News
"Stocks - Campbell Soup, Apple, Cronos Rise Premarket; GameStop Slumps",Investing.com via Yahoo Finance
Love Island 2019: Sex website crashes after viewers google ‘eagle’ position,The Independent via Yahoo News UK
Apple and Google App-Store Dominance Gives DOJ Antitrust Fodder,Bloomberg via Yahoo Finance
Love Island: Curtis Pritchard Causes Sex Website To Crash After Romantic Confession,HuffPost UK via Yahoo News UK
"Trade war, weak growth to test G20 finance leaders' economic optimism",Reuters via Yahoo News
"PREVIEW-Trade war, weak growth to test G20 finance leaders' economic optimism",Reuters via Yahoo News
TSMC expects short-term impact from U.S. ban on China's Huawei,Reuters via Yahoo Finance Canada
"Apple, Facebook and Google Have Lost the Monopoly Argument",Bloomberg via Yahoo Finance
"How to shop sustainably in 7 simple ways, according to an eco-friendly fashion campaigner",The Independent via Yahoo News UK
"FEATURE-More work, less water: India's booming 'Silicon Valley' faces dry times",Reuters via Yahoo News
Expenses podcast: The unsung hero of the scandal,The Telegraph via Yahoo News UK
Ignore The Headlines And Buy The Antitrust Dip In Amazon Stock,InvestorPlace via Yahoo Finance
Bulls Talk Podcast: Celtics Insider A. Sherrod Blakely on pursuit of Anthony Davis,NBC Sports Chicago via Yahoo Sports
"Once again, Google Play Store apps with ties to China are wreaking havoc",BGR News via Yahoo News
"UPDATE 1-Apple asks developers to place its login button above Google, Facebook",Reuters via Yahoo Finance
Netflix PR Chief Rachel Whetstone Settles in Laughlin Park,Variety via Yahoo News
Edited Transcript of SE.N earnings conference call or presentation 22-May-19 12:00am GMT,Thomson Reuters StreetEvents via Yahoo Finance
"Tim Cook on tariffs, immigration and spending too much time on our phones",CBS MoneyWatch via Yahoo Finance
"Apple asks developers to place its login button above Google, Facebook",Reuters via Yahoo Finance
"CORRECTED-Apple asks developers to place its login button above Google, Facebook",Reuters via Yahoo News
Energize Yourself With Pocket Sky’s Innovative Blue Light Therapy,Dornob via Yahoo News
Priest faces backlash for asking women to dress modestly at mass: ‘You can’t be serious’,Yahoo Lifestyle
Developers sue Apple over App Store 'monopoly',The Telegraph via Yahoo News UK
Fortune cookie means big fortune for Powerball winner,Associated Press via Yahoo News
Microsoft and Sony Are Teaming Up in Gaming: What the Heck Is Going On?,Motley Fool via Yahoo Finance
Hackers Can Now Bypass Two-Factor Authentication With a New Kind of Phishing Scam,Fortune via Yahoo Finance
Bears Making Tech Sector Their Punching Bag Amid Trade Worries,ETF Trends via Yahoo Finance
"A Conversation with Carlos Domingo, CEO and Founder, Securitize",The Block via Yahoo Finance
Sebastian Bach to perform first Skid Row album in its entirety on 2019 US tour,Consequence of Sound via Yahoo News
I might be able to finally replace my MacBook with an iPad thanks to iPadOS,Mashable via Yahoo Finance
Google Entering Bear Market Territory: Time To Buy?,Zacks via Yahoo Finance
Big tech surveillance could damage democracy,Mashable via Yahoo Finance
Why 68% of Facebook investors voted to oust Zuckerberg as chairman,Yahoo Finance
Woody Allen to begin shooting new film starring Christoph Waltz,Consequence of Sound via Yahoo News
Chance the Rapper teases his theme song for the All That reboot: Watch,Consequence of Sound via Yahoo News
Here's How to Watch 'The Handmaid's Tale' Season 3 Online,Harper's Bazaar via Yahoo News
Top tech executives will be asked to testify in U.S. probe,Reuters via Yahoo Finance
Metallica to play National Anthem at Game 3 of NBA Finals,Consequence of Sound via Yahoo News
"Xbox E3 2019 press conference to feature ‘Halo Infinite’ gameplay, xCloud demos",BGR News via Yahoo News
"Dow, stocks end higher Tuesday amid Fed hints at rate cut, optimism from Mexico on trade",USA TODAY via Yahoo News
Love Island viewers are left baffled by Curtis Pritchard's sex confession,Digital Spy via Yahoo News UK
"Why Facebook, Google, Apple, other tech giants will likely overcome antitrust probes",Yahoo Finance
"These Kids’ Tablets Are Fun, Durable, and Even Educational",Best Products via Yahoo News
US Market Indexes Close Higher on Tuesday,GuruFocus.com via Yahoo Finance
WWDC 2019 Had the Most Important Apple Developer Keynote in Recent Memory,Fortune via Yahoo Finance
3 International Companies Whose Products You'll Soon Use,Motley Fool via Yahoo Finance
US stocks gain as Fed Chief pivots on interest rates,AFP via Yahoo News
US antitrust hammer for Big Tech: what happens next?,AFP via Yahoo News
Is 'Big Tech' too big? A look at growing antitrust scrutiny,Associated Press via Yahoo News
"Buy Netflix Stock as FTC, DOJ Set Antitrust Sights on Facebook, Apple, Amazon, Google?",Zacks via Yahoo Finance
Are Digital Tokens Securities? The SEC's Kik Interactive Lawsuit May Clarify Cryptocurrency Rules,Fortune via Yahoo Finance
Jeff Bezos Is Casually Buying Three NYC Condos Worth an Eye-Popping $80 Million,Fortune via Yahoo Finance
Give Your Dad All The Gear He Needs For A Smart Home This Father's Day With This Walmart Deal,HuffPost Life via Yahoo News
The top iPhone and iPad apps on App Store,Associated Press via Yahoo News
Listen: A special episode from the halls of the ASCO meeting,STAT News via Yahoo News
Will the U.S. Break Up Big Tech? Don’t Hold Your Breath,Variety via Yahoo News
GameStop halts dividend as console sales slow; shares fall 26%,Reuters via Yahoo Finance
UPDATE 3-GameStop halts dividend as console sales slow; shares fall 26%,Reuters via Yahoo Finance
The Inevitables 2,GuruFocus.com via Yahoo Finance
70-year-old woman dies after being hit by driver at Geary &amp; Laguna,Hoodline via Yahoo News
"Stocks rally amid signs of softening trade tensions, tech rebound",Yahoo Finance
"How to Watch the New Season of ‘The Handmaid’s Tale’ for Free, Even if You Don’t Have Hulu",Cosmopolitan via Yahoo News
This Software Platform Is Seeking To Become 'The Single Source Of The Truth For Cannabis Products',Benzinga via Yahoo Finance
A Former Microsoft Exec Explains Why It’s Smart to Be the ‘Dumbest Guy in the Room’,Money via Yahoo Finance
Games dominate Apple's Design Awards,USA TODAY via Yahoo News
The Easiest Way to Watch the 2019 CMT Awards,The Oprah Magazine via Yahoo News
"Bill Gates, Travis Kalanick Invest In AI Chip Company Luminous",Benzinga via Yahoo Finance
US STOCKS-Wall Street rebounds on U.S. rate cut hopes,Reuters via Yahoo Finance
"Apple's WWDC 2019 Was All About Apps, Security",Benzinga via Yahoo Finance
"UPDATE 1-EU to focus on trade tensions at G20, seek tax on digital firms -document",Reuters via Yahoo Finance
Google Celebrates 50 Years of LGBTQ Pride with 'Living Monument' to the Stonewall Riots,Time via Yahoo News
Dutch women's national team reaches agreement for equal pay ahead of World Cup,Yahoo Sports
"""Big Tech Threatened by Regulation:"" What Else Is New?",Zacks via Yahoo Finance
Here is the Most Popular Company Among Hedge Funds,Insider Monkey via Yahoo Finance
"Tim Cook Says Apple Sign In Isn't ""Taking a Shot at Anybody,"" but It Definitely Is",Motley Fool via Yahoo Finance
Jennifer Lopez tributes the Bronx for her 2019 CFDA Style Icon Award,AOL.com via Yahoo News
WRAPUP 1-Top tech executives will be asked to testify in U.S. probe,Reuters via Yahoo News
WRAPUP 2-Top tech executives will be asked to testify in U.S. probe,Reuters via Yahoo Finance
Interactive Stonewall Monument Shines a Light on LGBTQ History,Rolling Stone via Yahoo News
WWDC 2019: How the Apple Watch Is Breaking Free From the iPhone,Fortune via Yahoo Finance
"Antitrust policy in spotlight as Trump admin, 2020 Dems and Congress lay siege to tech giants",Fox Business via Yahoo Finance
"EU to focus on trade tensions at G20, seek tax on digital firms - document",Reuters via Yahoo Finance
Spotify’s Stations App Now Available in the U.S.,Variety via Yahoo News
Privacy Fix: Search and Destroy Old Email Accounts,Consumer Reports via Yahoo News
Low-Cost Banking And Where To Find It,Benzinga via Yahoo Finance
How to block robocalls on iPhone with the incoming Apple software update,Fox Business via Yahoo Finance
Apple backs up privacy chest-beating with critical new feature,USA TODAY via Yahoo News
Why Jeff Bezos and a Dozen Tech Titans Made a Pilgrimage to Brunello Cucinelli’s Italian Village,GQ via Yahoo News
"Google launches a Pride doodle, and it's getting lots of love on the internet",USA TODAY via Yahoo News
The One Phrase That Will Help You Find Inner Peace in Any Situation,GQ via Yahoo News
UPDATE 2-Brazil telecom Oi adds mobile customers as it expands 4.5G coverage,Reuters via Yahoo Finance
The best-selling 2-in-1 Chromebook on Amazon is $50 off,BGR News via Yahoo News
"Walmart Offers College Tuition, SAT Prep to Attract High School Workers",Fortune via Yahoo Finance
"YouTube’s 10 Hours of E3 Coverage Includes Performers, Streamers, More",Variety via Yahoo News
Traina Thoughts: James Holzhauer's Spoiled 'Jeopardy!' Loss Gets Same Ratings as NBA Finals,Sports Illustrated via Yahoo Sports
"Apple CEO Tim Cook Tells CBS News, “We Are Not A Monopoly”",Deadline via Yahoo News
"With Google and Facebook under the microscope, Apple could emerge a winner: Analyst",Yahoo Finance
Hawley Urges Apple to Offer ‘Do Not Track’ Option to Customers,National Review via Yahoo News
Uber braced for bumper tax bill as authorities begin examination,The Guardian via Yahoo Finance
"Stonewall Forever: 50 years after the raid that sparked the LGBTQ movement, it goes digital",USA TODAY via Yahoo News
Apple WWDC 2019: iTunes is yesterday; today's all about swifter new iOS features,USA TODAY via Yahoo News
Firefox browser blocks sites and advertisers from tracking you online by default,USA TODAY via Yahoo News
Special coupon gets you the wireless camera that lets your smartphone see anywhere for just $29,BGR News via Yahoo News
Why Artificial Intelligence Is a Lot Like Romance: Eye on A.I.,Fortune via Yahoo Finance
‘The Spanish Princess’ Bosses Talk Telling Catherine of Aragon’s Story Through the Modern Lens,Variety via Yahoo News
"Tim Cook disputes claim Apple is a monopoly, but says tech giant 'should be scrutinized'",USA TODAY via Yahoo News
Anticipation of ‘Something Super’ at E3 Fails to Halt Nvidia Stock Slump,InvestorPlace via Yahoo Finance
"Charlie Kirk: Regulating big tech isn't the solution, the swamp is part of the problem",Fox Business via Yahoo Finance
Tech ETFs Plummet on Antitrust Scrutiny Fears,Zacks via Yahoo Finance
"Apple is ‘not a monopoly,’ CEO Tim Cook says amid reports of possible antitrust probe",Fox Business via Yahoo Finance
"Google is the top company business students want to work at in 2019, survey finds",Fox Business via Yahoo Finance
"Jay Som announces new album, Anak Ko, shares “Superbike”: Stream",Consequence of Sound via Yahoo News
Denis Villeneuve’s Dune will “honor everything” about Frank Herbert’s novel,Consequence of Sound via Yahoo News
US STOCKS-Wall St gains on rate-cut hopes; tech leads rebound,Reuters via Yahoo Finance
Apple CEO Denies the Tech Giant Is a Monopoly but Says U.S. ‘Scrutiny Is Fair’,Variety via Yahoo News
"Wall Street Pooh-Poohs ‘Nuclear Options’ for Facebook, Google",Bloomberg via Yahoo Finance
4 Defensive Funds to Buy Amid Market Gyration,Zacks via Yahoo Finance
Anker PowerCore external battery is 25% off on Amazon,Mashable via Yahoo Finance
"Kesha addresses all the world’s “Rich, White, Straight, Men” on new song: Stream",Consequence of Sound via Yahoo News
Senator asks Apple CEO to give customers 'do not track' option,Fox Business via Yahoo Finance
AMD Radeon Graphics to Enhance Samsung Smartphone Experience,Zacks via Yahoo Finance
Tesla launches wireless smartphone charging pad for the Model 3,AFP Relax News via Yahoo News
"Ty Segall announces new album, First Taste, shares “Taste”: Stream",Consequence of Sound via Yahoo News
"Qualys, Nordstrom, Alphabet, Amazon and Facebook highlighted as Zacks Bull and Bear of the Day",Zacks via Yahoo Finance
"Tuesday’s Vital Data: Facebook, Salesforce and Twitter",InvestorPlace via Yahoo Finance
Factbox: Global tech companies shun Huawei after U.S. ban,Reuters via Yahoo Finance
Apple's new Photos app for iOS 13 may just be the tool you've been waiting for,USA TODAY via Yahoo News
Ripples Across The Pond: Potential Brexit Impact On The U.S. Economy,Benzinga via Yahoo Finance
Inside the Secrets of Sand Hill Road: Term Sheet,Fortune via Yahoo Finance
"Apple CEO says U.S. scrutiny 'fair,' but rejects idea company is a monopoly",Reuters via Yahoo Finance
The best 8K televisions: Sony ZG9 8K vs Samsung QLED 8K Q950R,The Telegraph via Yahoo News UK
FACTBOX-Global tech companies shun Huawei after U.S. ban,Reuters via Yahoo News
Scott Kupor Demystifies the Venture Capital Funding Process in New Book,Fortune via Yahoo Finance
'Tech Wreck' Makes for Rough Start to June,Zacks via Yahoo Finance
US STOCKS-Wall St set to open higher after Bullard boosts rate cut hopes,Reuters via Yahoo News
"That Odd Feeling When the Crowd Cheers a $6,000 Computer—Data Sheet",Fortune via Yahoo Finance
Can a radical overhaul of this Scottish port make it the UK's top cruise hub?,The Telegraph via Yahoo News UK
The 5 Best (and Most Affordable) Places to Travel in June,PureWow via Yahoo News
A war is brewing between Trump and corporate America,Yahoo Finance
How I Became a Certified Personal Trainer Overnight,Men's Health via Yahoo News
Mount Saint Mary's University Selected by Google as Partner for Computer and Data Science Courses,PR Newswire via Yahoo Finance
iOS 13: Apple Maps gets a brand new look this fall,USA TODAY via Yahoo News
iOS13: Here's what you need to know about Apple's new iPhone operating system,USA TODAY via Yahoo News
The Box Earnings Debacle Is a Risk Too Big,InvestorPlace via Yahoo Finance
Canadian smartphone-maker Siyata Mobile sees billions in U.S. market,Yahoo Finance Canada
US STOCKS-Futures rise after Bullard boosts rate cut hopes,Reuters via Yahoo Finance
Is Investing in Artificial Intelligence ETFs a Smart Idea?,ETF Trends via Yahoo Finance
Congress Opens Bipartisan Probe of Competition in Tech Industry,Bloomberg via Yahoo Finance
UPDATE 1-Google faces privacy complaints in European countries,Reuters via Yahoo News
Google faces privacy complaints in European countries,Reuters via Yahoo Canada News
"Google faces privacy complaints in France, Germany, 7 other EU countries",Reuters via Yahoo Finance
"GOOGLE FACES COMPLAINTS TO DATA PROTECTON REGULATORS IN FRANCE, GERMANY AND SEVEN OTHER EU COUNTRIES...",Reuters via Yahoo News
Facebook May Be Told to Censor Users' Hateful Posts Globally,Bloomberg via Yahoo Finance
"Meet Bengaluru’s Vijay Nishanth, India’s Only Tree Doctor",The Quint via Yahoo News India
The U.S. Government Has Big Tech in Its Crosshairs,Motley Fool via Yahoo Finance
The Toronto Raptors used a high-risk business strategy to make the NBA Finals,Quartz via Yahoo Finance
5G Hype Fails to Ignite Much Bidding for 5G Airwave Rights,Fortune via Yahoo Finance
Teacher resigns after leaving answers up for students during test,Yahoo Lifestyle
"Google, Facebook and Apple take a hit from antitrust probe reports: Morning Brief",Yahoo Finance
Biggest banks and companies brace for trillion pound losses triggered by climate breakdown,The Independent via Yahoo News UK
What to Watch on Tuesday: Abby Lee Miller is back to terrorize twinkle-toed youths on Dance Moms,Entertainment Weekly via Yahoo News
The Best-Performing Tech Stock of 2019 Isn't Google or Amazon – It's a 113-Year-Old Printer Company,Money via Yahoo Finance
German official: We'll push for minimum corporate taxation at G20 meeting,Reuters via Yahoo Finance
Anthony Hilton: The march of AI means we must tread very carefully,Evening Standard via Yahoo Finance UK
Congress launches Big Tech antitrust probe,Associated Press via Yahoo Finance
GLOBAL MARKETS-Stocks fend off tech problems; bonds stay strong,Reuters via Yahoo Finance
Is Now The Time to Buy Alphabet Stock?,TipRanks via Yahoo Finance
Google has spent millions wooing friends in D.C. — but will they save them in an antitrust fight?,Politico via Yahoo News
The Latest: Congressional panel readies tech antitrust probe,Associated Press via Yahoo Finance
"It's great that you got a raise, but it just might hurt the stock market and the economy",USA TODAY via Yahoo News
Scouted: The 5 Best Smart Speakers That Combine Smart Home Capabilities With Stylish Design,The Daily Beast via Yahoo News
SoftBank Gets $11 Billion From Selling Just Part of Its Huge Alibaba Stake,Bloomberg via Yahoo Finance
"UPDATE 1-Tech selloff spreads to European stocks, carmakers up",Reuters via Yahoo News
World shares skid after technology sell-off hits Nasdaq,Associated Press via Yahoo Finance
Edited Transcript of RKN.TO earnings conference call or presentation 9-May-19 12:30pm GMT,Thomson Reuters StreetEvents via Yahoo Finance
Edited Transcript of DECK earnings conference call or presentation 23-May-19 8:30pm GMT,Thomson Reuters StreetEvents via Yahoo Finance
Tech sell-off spreads to Europe after U.S. antitrust moves,Reuters via Yahoo Finance
"U.S. probe of Google's online ad dominance would appease long suffering rivals, publishers",Reuters via Yahoo India Finance
Celebrating Pride: Google Doodle marks 50-year anniversary with interactive video,The Independent via Yahoo News UK
"Comic: Bullseye on Big Tech: Trump Makes Good on His Threat to Go After Google, Amazon",Investing.com via Yahoo Finance
Jennifer Lopez Discusses Her Iconic Style and 20 Years in Fashion at the CFDA Awards,Vogue via Yahoo News
PRESS DIGEST-New York Times business news - June 4,Reuters via Yahoo Finance
PRESS DIGEST -Wall Street Journal - June 4,Reuters via Yahoo Finance
Wary Smartphone Buyers Help Trump Turn the Screws on Huawei,Bloomberg via Yahoo Finance
"And Now, the Most Popular Dresses of the Summer",Who What Wear via Yahoo News
"Open-Source ‘Great Satan’ No More, Microsoft Wins Over Skeptics",Bloomberg via Yahoo Finance
"Morning News Call - India, June 4",Reuters via Yahoo Finance
Report: Ricky Rubio says Jazz have told him he won’t be priority as free agent,NBC Sports via Yahoo Sports
"The Bachelorette Season 15, Episode 4, Recap: Forget Luke—Let’s Talk About Tyler",Glamour via Yahoo News
"How Bad Is Screen Time, Really?",People via Yahoo News
"Tim Cook: Apple is ""moving privacy protections forward""",CBS MoneyWatch via Yahoo Finance
"University of Santo Tomas to probe students, professor who allegedly swapped lewd photos in group...",Coconuts Manila via Yahoo! Philippines News
"The World's Best Flea Market is Just Outside of Paris, and You Need to Check It Out",House Beautiful via Yahoo News
Google will reveal Stadia cloud gaming service launch information this week,BGR News via Yahoo News
The Bachelorette recap: Body (slam) of evidence,Entertainment Weekly via Yahoo News
"Growing Criticism Makes Big Tech a Big Target Over Antitrust, Legal Experts Say",Fortune via Yahoo Finance
Apple iTunes to play last song,AFP via Yahoo News
At The Yard Podcast: How much will Jay Bruce play? An interview with Chris Young,NBC Sports Philadelphia via Yahoo Sports
"The Ledger: The Crypto Rebellion, Mastercard Moxie, As Coinbase Turns",Fortune via Yahoo Finance
Google Cloud's extended outage was a big headache for small stores,Mashable via Yahoo Finance
"Tech monopoly? Facebook, Google and Amazon face increased scrutiny",The Guardian via Yahoo Finance
Apple WWDC 2019: All the Biggest Announcements,Fortune via Yahoo Finance
"US tech stocks slide as Google, Facebook and Apple fear antitrust investigations",The Guardian via Yahoo Finance
Apple's iOS 13 Will Include More Privacy Protections,Consumer Reports via Yahoo News
Apple previews new software as it diversifies beyond iPhones,Associated Press via Yahoo Finance
Factbox: Apple software developer conference highlights 2019,Reuters via Yahoo Finance
FACTBOX-Apple software developer conference highlights 2019,Reuters via Yahoo News
James Holzhauer’s Jeopardy! winning streak is over,Consequence of Sound via Yahoo News
"Apple iPhones, MacBooks, and Watches Get New Privacy, App Capabilities",Consumer Reports via Yahoo News
Silicon Valley Battered as Washington Turns Up Antitrust Heat,Bloomberg via Yahoo News
Silicon Valley Pressured as Washington Turns Up Antitrust Heat,Bloomberg via Yahoo Finance
US tech giants facing antitrust probes won’t find respite in Google-EU fight,Quartz via Yahoo Finance
WWDC 2019: Does Apple's $999 Mac Pro Stand Deliver?,Fortune via Yahoo Finance
US gears up for antitrust battles with Big Tech,AFP via Yahoo News
WWDC 2019: Apple Bets on Redesigned Mac Pro to Bring Creatives Back to the Fold,Fortune via Yahoo Finance
"Facebook, Google Take Wall Street Beating Amid Potential Tech Regulations",The Wrap via Yahoo News
8 Ways to Be There for Yourself After a Breast Cancer Diagnosis,Self via Yahoo News
Everything You Need To Know From Apple's WWDC Keynote,Popular Mechanics via Yahoo News
4 Reasons Amazon Isn't Coming After AT&amp;T and Verizon,Motley Fool via Yahoo Finance
"The Latest: Apple unveils privacy tools, iTunes changes",Associated Press via Yahoo News
Silicon Valley Is Targeted by U.S. Over Antitrust,Bloomberg via Yahoo Finance
Why Palo Alto Networks Is Gobbling Up Smaller Cybersecurity Companies,Motley Fool via Yahoo Finance
Everything Apple Announced at WWDC 2019,Motley Fool via Yahoo Finance
Tech Giants Will Be Subject Of House Judiciary Committee Antitrust Probe – Update,Deadline via Yahoo News
US stock indexes end mixed; Nasdaq slumps on big tech slide,Associated Press via Yahoo Finance
Fiat Chrysler-Renault Merger Is A Sign Of Things To Come In The Auto Industry,Benzinga via Yahoo Finance
UPDATE 1-Alphabet shares slide 6% on possible DoJ antitrust probe,Reuters via Yahoo Finance
Apple leaves iTunes behind as it harmonizes software,AFP Relax News via Yahoo News
European stocks gain while US tech shares dive,AFP via Yahoo News
How major US stock indexes fared Monday,Associated Press via Yahoo Finance
U.S. House panel to probe competition in digital markets,Reuters via Yahoo India Finance
FAANG Stocks Fall as Reports of Government Investigations Scare Investors,Entrepreneur via Yahoo Finance
House panel to probe competition in digital markets,Reuters via Yahoo Finance
"GOOGL, AMZN &amp; FB Stock Fall as Antitrust Investigations Hit Silicon Valley, Again",Zacks via Yahoo Finance
"Lenovo's New Smart Clock Avoids Certain Technologies, So You Can Sleep Better",Architectural Digest via Yahoo News
"US STOCKS-Nasdaq confirms correction as Facebook, Alphabet, Amazon drag",Reuters via Yahoo News
House lawmakers open antitrust probe into tech industry's biggest players,Politico via Yahoo News
NBA Twitter explained: Why Macaulay Culkin is tweeting at Drake,NBC Sports Washington via Yahoo Sports
Eagle Eye Podcast: A Mack Hollins sighting! Joe Douglas would be a big loss,NBC Sports Philadelphia via Yahoo Sports
House Judiciary Committee Launches Antitrust Investigation of Tech Giants,The Daily Beast via Yahoo News
"Twitter Buys London Startup Fabula AI, Bolstering Network Manipulation Detection",Deadline via Yahoo News
"iPadOS, Dark Mode and Sign in With Apple: All the Biggest News From WWDC",Variety via Yahoo News
Instagram Experiences Outages Across The Globe,Deadline via Yahoo News
A Pearl in the Storm: Governors Ball 2019 Festival Review,Consequence of Sound via Yahoo News
Everything Apple announced at its WWDC 2019 developer conference,Quartz via Yahoo Finance
"All The Updates, Features Apple Showed Off At WWDC 2019: Dark Mode, MacOS Catalina And More",Benzinga via Yahoo Finance
The 10 Biggest Announcements From Apple WWDC 2019,InvestorPlace via Yahoo Finance
"Why Facebook, Alphabet, and Centene Slumped Today",Motley Fool via Yahoo Finance
Amgen and PHV rise while Alphabet and Centene slip,Associated Press via Yahoo Finance
"Kendall Jenner sports $1,300 red Canadian tuxedo: Shop the look for less",Yahoo Canada Style
"Apple Kills iTunes, AirPods Can Read Your Text Messages, and More from WWDC 2019",The Wrap via Yahoo News
Markets Right Now: Stocks fall as internet giants drop,Associated Press via Yahoo Finance
KHL team announces the birth of Evgeny Kuznetsov’s son,NBC Sports Washington via Yahoo Sports
Apple announces web login feature in privacy challenge to Facebook and Google,The Telegraph via Yahoo News UK
VGT ETF Down On Tech Stock Woes,ETF Trends via Yahoo Finance
Updated Apple Watch will track your menstrual period and aim to protect your hearing,STAT News via Yahoo News
Best of iOS 13: The 15 most exciting new features coming to your iPhone and iPad,BGR News via Yahoo News
Apple May Have Just Swiped 130 Million Console Gamers Without Breaking a Sweat,Fortune via Yahoo Finance
The 6 Coolest New iPhone Features Apple Just Announced,Time via Yahoo News
The 10 most important announcements from WWDC 2019,BGR News via Yahoo News
The 4 FANG Stocks Are Getting Pummeled on Trade War Worries,InvestorPlace via Yahoo Finance
Sephora to shut U.S. stores for diversity training after racial incident,Reuters via Yahoo Finance
"US STOCKS-Wall Street falls as Facebook, Alphabet, Amazon drag",Reuters via Yahoo Finance
Why you should switch to natural deodorant - and the best ones on the market,Athena Preview via Yahoo News
America’s first private moon lander will be engineered in India,Quartz via Yahoo Finance
Apple Stock Drops as WWDC Gets Upstaged by Report of a Possible Antitrust Probe,Fortune via Yahoo Finance
"DOJ may launch antitrust investigate of Apple, report says",USA TODAY via Yahoo News
Disturbed’s David Draiman blasts Roger Waters “and the rest of his Nazi comrades” for Israel boycott,Consequence of Sound via Yahoo News
"Apple challenges Google, Facebook for web login, touts privacy",Reuters via Yahoo Finance
U.S. moving toward major antitrust probe of tech giants,Reuters via Yahoo India Finance
"Top Stock Reports for Amazon, Procter &amp; Gamble &amp; UnitedHealth",Zacks via Yahoo Finance
Massive Google Outage Turned Smart Homes Into Zombies,The Daily Beast via Yahoo News
WRAPUP 3-U.S. moving toward major antitrust probe of tech giants,Reuters via Yahoo Finance
"WWDC 2019: Apple Takes on Google, Facebook With New 'Sign-In' Feature",Fortune via Yahoo Finance
Facebook FTC Buzz Sparks Unusual Options Volume,Schaeffer's Investment Research via Yahoo Finance
Why James Holzhauer Wagered So Little Money in His Final ‘Final Jeopardy’,The Wrap via Yahoo News
'A fundamental human right': Apple doubles down on privacy at big developers conference,Yahoo Finance
"<a style=""font-size:16px;"" href=""https://r.search.yahoo.com/_ylt=AwrC1TF12PtcTAYAc03QtDMD;_ylu=X3oDMTEzcXF2ODV0BGNvbG8DYmYxBHBvcwMxMAR2dGlkA0I3NTA2XzEEc2VjA3Ny/RV=2/RE=1560037621/RO=10/RU=https%3a%2f%2fsports.yahoo.com%2ffantasy-baseball-podcast-the-mets-rotation-julio-teherans-upside-and-why-the-twins-will-continue-to-dominate-184713572.html/RK=2/RS=9CRwykkRC9ybCgHOJ52.WYyU.VA-"" target=""_blank"" title=""Fantasy Baseball Podcast: The Mets' rotation, Julio Teheran's upside and why the Twins will continue to dominate"">Fantasy Baseball Podcast: The Mets' rotation, Julio Teheran's upside and why the Twins will continue...",Yahoo Sports
Apple dips on news of DoJ antitrust probe,Reuters via Yahoo Finance
Billions wiped off tech giants as Congress takes aim at Silicon Valley,The Telegraph via Yahoo News UK
Google to Hold First Ever Stadia Connect Livestream,Variety via Yahoo News
"Apple Replaces ITunes With Three Apps; Unveils Operating Systems, Mac Pro – Update",Deadline via Yahoo News
"Google, Facebook and Apple take a hit from reports of antitrust probes",Yahoo Finance
Apple's iOS 13: Here are all of the new features for your iPhone,Yahoo Finance
Tori Spelling goes makeup-free in bikini photo with '90210' castmates in Vancouver,Yahoo Canada Style
Low inflation dogs Fed as it reviews policy framework,Reuters via Yahoo Finance
5 ways to make the most of your week in Austin,Hoodline via Yahoo News
Exclusive: U.S. Justice Dept considering Apple probe - sources,Reuters via Yahoo Finance
India Offers Increasing Opportunities For Investors As Internet Service Grows,ETF Trends via Yahoo Finance
EXCLUSIVE-U.S. Justice Dept considering Apple probe -sources,Reuters via Yahoo News
This blogger says she was dropped from a press trip because of a photo with her 'curvy' friend,Yahoo Canada Style
"UBS: Despite Regulatory Risk, Alphabet Is A Buy",Benzinga via Yahoo Finance
"Google, Facebook and Apple Fall on Antitrust Scrutiny",Bloomberg via Yahoo Finance
"Google, Facebook and Apple Fall Amid Antitrust Scrutiny",Bloomberg via Yahoo Finance
WWDC 2019: Apple Watch Gets Female Menstrual-Cycle Tracking and These Other Health Features,Fortune via Yahoo Finance
"Munster Talks Uber, Lyft On 'Frontier Tech' Podcast",Benzinga via Yahoo Finance
Chinese Crypto Pioneer Pays $4.57 Million for Lunch With Warren Buffett,Bloomberg via Yahoo Finance
FTC wins right for competition probe at Facebook: WSJ,Reuters via Yahoo Finance
20 Home Sales Worth Shopping This Week,Refinery29 via Yahoo News
Apple Falls As Justice Department Given Jurisdiction For Possible Antitrust Probe,Benzinga via Yahoo Finance
U.S. Stock ETFs Slip as Facebook Faces Antitrust Probe,ETF Trends via Yahoo Finance
Reimagining Baltimore: Schools invite students to help,Christian Science Monitor via Yahoo News
"Wall Street tumbles as Facebook, Alphabet extend slide",Reuters via Yahoo Finance
FTC wins right for competition probe at Facebook -WSJ,Reuters via Yahoo Finance
Exclusive: U.S. Justice Department considering Apple probe - sources,Reuters via Yahoo India Finance
Apple Just Previewed Its First Apple TV Plus Show. Here's The Trailer,Fortune via Yahoo Finance
Buy Facebook and Google Stock on Antitrust-Related Weakness,InvestorPlace via Yahoo Finance
"US STOCKS-Wall Street tumbles as Facebook, Alphabet extend slide",Reuters via Yahoo News
