The 2019 Toyota RAV4 Hybrid Is the RAV4 to Have,Car and Driver via Yahoo News
Biffle scores fairytale Truck race win after 18 year drought,Motorsport via Yahoo Sports
"Greg Biffle tames wild Texas, wins Triple Truck Challenge bonus in NASCAR return",NASCAR.com via Yahoo Sports
Toyota (TM) to Team Up With Subaru to Develop Electric SUV,Zacks via Yahoo Finance
"Best &amp; Worst Fuel Economy for Cars, SUVs, and Trucks",Consumer Reports via Yahoo News
Toyota speeds up electric vehicle schedule as demand heats up,Reuters via Yahoo India Finance
Toyota and Subaru Will Build Two Electric SUVs on a Jointly Developed EV Platform,Car and Driver via Yahoo News
"Could Toyota Caetano Portugal, S.A. (ELI:SCT) Have The Makings Of Another Dividend Aristocrat?",Simply Wall St. via Yahoo Finance
"Toyota, Subaru team up to develop electric SUV in battle against costs",Reuters via Yahoo Finance Canada
Toyota to maintain one-lap stint advantage at Le Mans,Motorsport via Yahoo Sports
Take The Whole Family Off-Road In This Custom Toyota FJ45 Troopy,motorious via Yahoo News
"The Zacks Analyst Blog Highlights: Uber, Lyft, Toyota and DENSO",Zacks via Yahoo Finance
"Lotterer was ""naive"" to think LMP1 EoT could work",Motorsport via Yahoo Sports
Hartley: Toyota drive no barrier to Porsche FE seat,Motorsport via Yahoo Sports
Alonso: Privateers' test day pace hard to understand,Motorsport via Yahoo Sports
This 1994 Toyota Has Been Turned Into Thunderbird 2,motorious via Yahoo News
Gallery: Get set for the Le Mans 24 Hours Test Day,Motorsport via Yahoo Sports
Tanak and Toyota roar through Portuguese dust,AFP via Yahoo Sports
2019 Toyota Corolla,Car and Driver via Yahoo News
"Auto Stock Roundup: Fiat-Renault Merger Plan, Toyota's Investment in Ride-Sharing Firm",Zacks via Yahoo Finance
Toyota to set up Myanmar plant to assemble Hilux trucks,Reuters via Yahoo Finance
Tanak and Toyota dominate opening day in Portuguese rally,AFP via Yahoo Sports
Why the 2019 Toyota 4Runner Defies Rationality,Popular Mechanics via Yahoo News
"Hybridization of NASCAR cars not expected by 2021, Toyota executive says",NBC Sports via Yahoo Sports
Toyota (TM) to Invest $550M in China-Based Didi Chuxing,Zacks via Yahoo Finance
Toyota may invest about $550 million in China ride-hailing firm Didi: Nikkei,Reuters via Yahoo News
Better Buy: Ford Motor vs. Toyota,Motley Fool via Yahoo Finance
"Death of the minivan? As Americans buy more SUVs, is the minivan headed for the junkyard?",USA TODAY via Yahoo Finance
"Toyota, Subaru to develop battery electric vehicle platform",Reuters via Yahoo Finance
"UPDATE 1-Toyota, Subaru team up to develop electric SUV in battle against costs",Reuters via Yahoo Finance
Toyota supports proposed LMP1 handicap system,Motorsport via Yahoo Sports
Toyota U.S. sales rise 3.2% in May,Reuters via Yahoo Finance
Cole Custer takes Pocono Xfinity win with last-lap pass,Motorsport via Yahoo Sports
France prepared to cut Renault stake to bolster deal with Nissan: AFP,Reuters via Yahoo Finance
Just like old times: Greg Biffle celebrates 1st Truck win in 18 years,NBC Sports via Yahoo Sports
Le Mans test day: Buemi keeps #8 Toyota on top,Motorsport via Yahoo Sports
France ready to cut Renault stake to shore up Nissan partnership: finance minister,AFP via Yahoo News
Le Mans test day: Buemi leads morning session for Toyota,Motorsport via Yahoo Sports
Shipping from Mexico rushed before tariff threat lifted,Associated Press via Yahoo Finance
Panicked Carmakers Plead With Trump Not To Dismantle Auto Pollution Standards,HuffPost via Yahoo News
Carmakers See $18 Billion Wiped Out by Trump’s Mexico Threat,Bloomberg via Yahoo Finance
20 Best Cars To Own If You Have Great Credit,GOBankingRates via Yahoo Finance
Edited Transcript of 7203.T earnings conference call or presentation 8-May-19 5:10am GMT,Thomson Reuters StreetEvents via Yahoo Finance
Kevin Harvick leads final practice with four SHR cars in top-five,Motorsport via Yahoo Sports
The World's Largest Automakers Asked Trump Not to Loosen a Climate Change Standard. Here's Why,Time via Yahoo News
Edited Transcript of 8015.T earnings conference call or presentation 8-May-19 10:59am GMT,Thomson Reuters StreetEvents via Yahoo Finance
Daniel Suarez tops Friday's first Cup practice at Michigan,Motorsport via Yahoo Sports
Oil Bulls See Glimmer Of Hope,Oilprice.com via Yahoo Finance
14 Common Car Seat Mistakes (And How to Avoid Them),Fatherly via Yahoo News
White House Nixes Carmaker Plea for California Pact on Emissions,Bloomberg via Yahoo Finance
"Electric Cars: Rivals Are Teaming Up, It’s All About the ‘Jesus Battery’",InvestorPlace via Yahoo Finance
"Did Hedge Funds Drop The Ball On PepsiCo, Inc. (PEP) ?",Insider Monkey via Yahoo Finance
"The Renault Deal Is Dead, But Fiat Chrysler Still Desperately Needs a Partner",Fortune via Yahoo Finance
Rihanna and Her Billionaire Bae Are Vacationing in Italy Together,Harper's Bazaar via Yahoo News
"Dave Roberts manages Dodgers but honed his craft with Bruce Bochy, Giants",NBC Sports BayArea via Yahoo Sports
Car-sharing companies use these tactics and more to rent your Corolla,Mashable via Yahoo Finance
IndyCar’s DXC Technology 600 at Texas – facts and figures,Motorsport via Yahoo Sports
Not Even Automakers Can Support Trump’s Love Affair With Pollution,Rolling Stone via Yahoo News
Harvick and his SHR teammates lead final practice at Michigan,NASCAR.com via Yahoo Sports
Join the eSports Craze With These Stocks,Zacks via Yahoo Finance
Car firms call on Trump to keep emission limits,AFP via Yahoo News
No-say Nissan had tech that drove Fiat Chrysler-Renault idea,Associated Press via Yahoo News
Pressure mounting for KBM youth movement to develop,NASCAR.com via Yahoo Sports
"Ford, General Motors warn President Trump on pollution standards",Yahoo View
Azim Premji: India’s second-richest man owns a second-hand car and a generous heart,Quartz via Yahoo Finance
CEOs Are Being Forced to Hedge Against the Chaos of a Full-On Trade War,Bloomberg via Yahoo Finance
Fiat Chrysler slams brakes on Renault merger,AFP via Yahoo News
Everything You Need to Know about the 24 Hours of Le Mans Race,Car and Driver via Yahoo News
"BMW sells cars globally despite tariffs, no reason to change Mexico plans - board member",Reuters via Yahoo Finance
Fiat Chrysler-Renault deal collapsed over Nissan role,Associated Press via Yahoo Finance
Fiat Chrysler blames ‘political conditions in France’ for shock Renault decision,The Independent via Yahoo News UK
Can’t Afford A Supra? Get A Soarer With That Unbeatable 1JZ Instead,motorious via Yahoo News
'Jeopardy!' legend Ken Jennings says it's 'inevitable' he will face-off against James Holzhauer,Good Morning America via Yahoo News
Stone Temple Pilots Announce ‘Purple’ Super Deluxe Edition,Rolling Stone via Yahoo News
Ford Fusion sedan to be discontinued in North America next year,AFP Relax News via Yahoo News
"Auto Stock Roundup: FCAU, TM, NSANY Record Sales Growth in May, GM Upgrades Plant",Zacks via Yahoo Finance
France seeks to fend off blame for FCA-Renault deal collapse,Reuters via Yahoo Finance
Fiat Chrysler says French politics ended Renault merger,Associated Press via Yahoo News
2019 BMW Z4 sDrive30i vs. 2019 Porsche 718 Boxster: Which Makes for a Better Summer?,Car and Driver via Yahoo News
The Latest: FCA says French politics caused merger pullout,Associated Press via Yahoo Finance
Last-lap pass gives Custer dramatic Xfinity win at Pocono,Reuters via Yahoo News
FCA Withdraws Proposed Offer for a Merger with Renault,Car and Driver via Yahoo News
BMW Rekindles Love with Land Rover (and Jaguar) to Make Electric Powertrains,Car and Driver via Yahoo News
General Motors Announces $24M Investment for Hub Development,Zacks via Yahoo Finance
The rise and rise of a new Super Formula title contender,Motorsport via Yahoo Sports
Greg Biffle in final prep for first NASCAR race since 2016,NBC Sports via Yahoo Sports
70-year-old woman dies after being hit by driver at Geary &amp; Laguna,Hoodline via Yahoo News
3 Companies With Historically Low Valuations,GuruFocus.com via Yahoo Finance
Renault delays decision on Fiat Chrysler marriage proposal,Associated Press via Yahoo News
5 Stocks With Low Price-Earnings Ratios,GuruFocus.com via Yahoo Finance
Every New Car That May Jump in Price from U.S. Tariffs on Mexican Imports,Car and Driver via Yahoo News
Renault interested in Fiat Chrysler merger but to hold new meeting,AFP via Yahoo News
Renault's FCA merger move leaves partner Nissan in the cold,Associated Press via Yahoo Finance
The Latest: Renault delays decision on Fiat Chrysler merger,Associated Press via Yahoo Finance
Wilco Announce Fall North American Tour,Rolling Stone via Yahoo News
Wilco Announce Fall Tour,Pitchfork via Yahoo News
The downfall of 3 iconic German companies is nothing short of stunning,Yahoo Finance
Auto Sales Rise in May: ETFs &amp; Stocks in Focus,Zacks via Yahoo Finance
Trump defies own party to push ahead with Mexican tariff threat,Reuters via Yahoo Canada News
"Over 40,000 Miles, the 2019 Honda Ridgeline Proves It's a Real Truck",Car and Driver via Yahoo News
Unproven EV Market Threatens to Sink Nio Stock to Zero,InvestorPlace via Yahoo Finance
Darwin shooting: Gunman kills four after opening fire at motel in Australia,The Independent via Yahoo News UK
M&amp;M's Glampground becomes sweetest stop on NASCAR circuit,NASCAR.com via Yahoo Sports
Alice Cooper Plots Headlining Fall North American Tour,Rolling Stone via Yahoo News
Automakers say Trump's threatened Mexico tariffs would cost billions,Reuters via Yahoo Finance Canada
Trump's threatened Mexico tariffs could cost automakers billions,Reuters via Yahoo Finance
Tiananmen: When China shifted from solidarity to stability,Associated Press via Yahoo News
"Driver who killed ex-paratrooper with his car was 'county lines' drug dealer, court told",The Telegraph via Yahoo News
Fiat Chrysler-Renault Merger Is A Sign Of Things To Come In The Auto Industry,Benzinga via Yahoo Finance
"Auto Makers, Parts Companies Eye Mexico Tariff Talks After Trump Threat",Benzinga via Yahoo Finance
"Top Stock Reports for Amazon, Procter &amp; Gamble &amp; UnitedHealth",Zacks via Yahoo Finance
Major concern as automakers deal with a bumpy road through Mexico,Yahoo Finance
Buying Companies With Great Products - Part I,GuruFocus.com via Yahoo Finance
The Capital Of Tomorrow: How Tokyo Is Upping Its Game,Esquire via Yahoo News
Major automakers post U.S. May sales increases,Reuters via Yahoo Finance
"Vandoorne reflects on ""spectacular"" first taste of Le Mans",Motorsport via Yahoo Sports
Canada auto sales fall 5.9% in May,Reuters via Yahoo Finance Canada
Major automakers post U.S. higher May new vehicle sales,Reuters via Yahoo Finance
"Alice Cooper announces fall 2019 US tour, promises new music “soon”",Consequence of Sound via Yahoo News
Multinationals Are the World’s Bogeymen Again,Bloomberg via Yahoo Finance
NHRA: Steve Torrence’s fourth win of season highlights wild day in Chicago,NBC Sports via Yahoo Sports
"SoftBank's service to help power self-driving buses, farm machinery",Reuters via Yahoo Finance
What drivers said at Pocono,NBC Sports via Yahoo Sports
Wrap-up: Pocono Raceway,Rotoworld via Yahoo Sports
The Latest: Kyle Busch takes Pocono for 4th Cup win,Associated Press via Yahoo News
Dominant Tanak wins dusty Portuguese rally,AFP via Yahoo Sports
Kyle Larson sweeps first two stages at Pocono Raceway,NASCAR.com via Yahoo Sports
"Kyle Busch hangs on at Pocono, ties Rusty Wallace on all-time list with 55th win",NASCAR.com via Yahoo Sports
Martin Truex Jr. exits early with mechanical issue at Pocono,NASCAR.com via Yahoo Sports
"Preliminary entry lists for Cup and Xfinity at Michigan, Trucks at Texas",NBC Sports via Yahoo Sports
Portugal WRC: Tanak's lead eroded while Latvala retires,Motorsport via Yahoo Sports
Kyle Busch's winning No. 18 all clear in Pocono post-race inspection,NASCAR.com via Yahoo Sports
Jones rebounds from Charlotte disappointment with third-place run at Pocono,NASCAR.com via Yahoo Sports
Here is the 19th Most Popular Stocks Among Hedge Funds,Insider Monkey via Yahoo Finance
Portugal WRC: Latvala closes on Tanak through longest stage,Motorsport via Yahoo Sports
William Byron earns Pocono pole over Kyle Busch,Motorsport via Yahoo Sports
Byron tops 173 mph and hits fast lap to win pole at Pocono,The Associated Press via Yahoo Sports
Portugal WRC: Tanak doubles lead over Latvala,Motorsport via Yahoo Sports
"Friday 5: Rivalries among Joe Gibbs Racing, Team Penske drivers brewing",NBC Sports via Yahoo Sports
Uber Loses A Billion: Investors Aren't Fazed,Zacks via Yahoo Finance
Trump's Mexican tariffs threaten to disrupt auto sector,Reuters via Yahoo Finance
Talking Cars 205: Honda Extends Civic and CR-V Warranty,Consumer Reports via Yahoo News
"Factbox: Auto, other industries' manufacturing presence in Mexico",Reuters via Yahoo Finance
Deegan continues to shine as she races up NASCAR ladder,The Associated Press via Yahoo Sports
"Trump Tariff Vow Roils Markets, Autos as Mexico Urges Talks",Bloomberg via Yahoo Finance
Hedge Funds Have Never Been This Bullish On The Walt Disney Company (DIS),Insider Monkey via Yahoo Finance
US companies are in line of fire of tariffs aimed at Mexico,Associated Press via Yahoo Finance
"Martin Truex Jr., No. 19 team 'doing all the little things right'",NASCAR.com via Yahoo Sports
Would You Buy A Porsche Carrera GT For $3000?,motorious via Yahoo News
"Kurt Busch, Suarez top practice sessions at Pocono Raceway",NASCAR.com via Yahoo Sports
Heineken Cuts Ties With Fresno Grizzlies Over Alexandria Ocasio-Cortez Video,HuffPost via Yahoo News
Car Review: Honda CR-V Hybrid – ugly but a smooth operator,The Independent via Yahoo News UK
"After China, US Hits Mexico With Tariffs: ETFs Under Threat",Zacks via Yahoo Finance
Three-time Pocono winner Kurt Busch fastest in final practice,Motorsport via Yahoo Sports
"Trump vows rapid, high tariffs on Mexico unless illegal immigration ends",Reuters via Yahoo Finance
Ford Stock Needs To Hold $9.50 To Punch The Gas And Race Higher,InvestorPlace via Yahoo Finance
Renault board to vote next week on merger with Fiat Chrysler,Associated Press via Yahoo Finance
Automakers tremble in Asia as Trump threatens Mexico tariffs,Reuters via Yahoo Finance
Japanese automaker shares hit as Trump threatens Mexico with tariffs,Reuters via Yahoo Finance
The Reinvention of Steel Could Make Car Bodies 30% Lighter,Bloomberg via Yahoo Finance
2020 Lexus RX Gets Much Needed Updates,Consumer Reports via Yahoo News
"Denzel Curry Drops 'ZUU' Album f/ Rick Ross, Sam Sneak, and More",Complex via Yahoo News
My Fellow Democrats Are Skeptical About the USMCA. They Shouldn't Be,Fortune via Yahoo Finance
"Officials eject car chiefs for No. 20, No. 37 teams after Pocono woes in inspection",NASCAR.com via Yahoo Sports
"Gasoline, TVs, Cars: The Surprising Things Rare Earths Help Make",Bloomberg via Yahoo Finance
"Uber, Lyft, or GM: Which Is the Better Driverless Car Play?",Motley Fool via Yahoo Finance
20 Best Cars to Own If You Don’t Have Great Credit,GOBankingRates via Yahoo Finance
DTM moving towards hybrid power for 2021 or 2022,Motorsport via Yahoo Sports
Japan law loosens rules for self-driving cars,AFP via Yahoo News
Fraught Franco-Italian relations a roadblock risk for Renault-FCA,Reuters via Yahoo Finance
Rare Earth Metal ETF to Surge on Chinese Export Ban,Zacks via Yahoo Finance
Is the Current Dip the Perfect Opportunity to Buy Activision Blizzard (ATVI)?,Zacks via Yahoo Finance
The 986-HP Ferrari SF90 Stradale Plug-In Hybrid Yanks Maranello Back Into Hypercar Race,Car and Driver via Yahoo News
"Term Sheet -- Wednesday May 29, Endeavor IPO, Women, and Robinhood",Fortune via Yahoo Finance
Nissan’s Infiniti brand to move back to Japan from Hong Kong: document,Reuters via Yahoo Finance
7 Stocks to Sell Amid an Escalating Trade War,InvestorPlace via Yahoo Finance
U.S. Risks ‘Devastating’ Blow From China’s Rare Earths Monopoly,Bloomberg via Yahoo Finance
Nakajima aims to capitalise on rare Super GT title chance,Motorsport via Yahoo Sports
National Soccer Hall of Fame Voting Remains a Grossly Flawed Process,Sports Illustrated via Yahoo Sports
France wants FCA-Renault job guarantees and Nissan on board,Reuters via Yahoo Finance
Speedy Byron wins Pocono 400 pole,Reuters via Yahoo News
Michael Self takes Michigan ARCA win as Majeski runs out of gas,Motorsport via Yahoo Sports
Automakers urge Trump to rethink emission standards: 'With your leadership it can happen',Fox Business via Yahoo Finance
"Major automakers back compromise on U.S. vehicle emissions rules, urge deal",Reuters via Yahoo Finance
Edited Transcript of MINDAIND.NSE earnings conference call or presentation 16-May-19 11:30am GMT,Thomson Reuters StreetEvents via Yahoo Finance
"Stocks making the biggest moves premarket: Dick's Sporting Goods, Boeing, Uber, Workday &amp; more",CNBC via Yahoo Finance
Salesforce says some firearms can no longer be sold using company software,Fox Business via Yahoo Finance
Foot Locker Hurts But The Trade War Debate Could Tank Nike Stock,InvestorPlace via Yahoo Finance
Waymo: Self-driving trucks returning to Phoenix,Fox Business via Yahoo Finance
"Preliminary entry lists for Cup, Xfinity at Pocono",NBC Sports via Yahoo Sports
Portugal WRC: Tanak leads amid Hyundai dramas,Motorsport via Yahoo Sports
"Volvo XC90 review: Can a big seven-seater SUV make sense as a low-carbon, low-emission eco-car?",The Independent via Yahoo News UK
Toyota may invest about $550 mln in China ride-hailing firm Didi - Nikkei,Reuters via Yahoo Finance
Toyota may invest about $550 million in China ride-hailing firm Didi - Nikkei,Reuters via Yahoo Finance
Payback Time: How China Could Retaliate for U.S. Huawei Ban,Bloomberg via Yahoo Finance
Faster new Toyota Racing Series car breaks cover,Motorsport via Yahoo Sports
Renault Poised to Give Nod to Fiat Merger as Soon as Next Week,Bloomberg via Yahoo Finance
Chantilly Arts &amp; Elegance Richard Mille: Over 130 exceptional cars on the bill for 2019,AFP Relax News via Yahoo News
"Stocks open slightly higher, bond yields fall, after holiday weekend",Fox Business via Yahoo Finance
"Stocks - Fiat Surges, AMD, Alibaba Rise Premarket; GE Falls",Investing.com via Yahoo Finance
France: No jobs must be lost in Renault-Fiat Chrysler tie-up,Associated Press via Yahoo Finance
UPDATE 3-France wants FCA-Renault job guarantees and Nissan on board,Reuters via Yahoo News
Trump Hails Japan Ties in Visit Papering Over Cracks With Ally,Bloomberg via Yahoo Finance
Power Ranking After: Charlotte,Rotoworld via Yahoo Sports
Renault and Fiat Chrysler flirt with audacious mega-merger,AFP Relax News via Yahoo News
New auto giant? Fiat Chrysler wants to merge with Renault,Associated Press via Yahoo Finance
Fiat Chrysler and Renault pursue $35 billion merger to combat car industry upheaval,Reuters via Yahoo Finance
Fiat Chrysler and Renault pursue $35 bln merger to combat car industry upheaval,Reuters via Yahoo Finance
Wrap-up: Charlotte Motor Speedway,Rotoworld via Yahoo Sports
Fiat Plans Merger With Renault in Latest Auto Industry Jolt,Bloomberg via Yahoo Finance
"UPDATE 2-Trump urges greater Japanese investment in U.S., knocks trade advantage",Reuters via Yahoo News
Lexus has much riding on the launch of the 2020 RX crossover,CNBC via Yahoo News
J.D. Power's China-backed owner puts company up for sale -sources,Reuters via Yahoo News
Trump urges fairer trade with Japan at start of state visit,AFP via Yahoo News
"UPDATE 4-Trump urges greater Japanese investment in U.S., criticizes trade advantage",Reuters via Yahoo News
"Shinzo Abe 'will offer to mediate with Iran' as Donald Trump sends 1,500 troops to Middle East",The Telegraph via Yahoo News UK
Auto supplier Cooper-Standard not interested in bidding for Turkey's Teklas-CEO,Reuters via Yahoo News
IndyCar Aeroscreen prototype to arrive “in about 30 days”,Motorsport via Yahoo Sports
J.D. Power's China-backed owner puts company up for sale: sources,Reuters via Yahoo Finance
"2019 Ram 1500: Move over Ford F-150, there’s a new king in town",Yahoo Finance
Maui Hiker Who Vanished 2 Weeks Ago Found Alive,HuffPost via Yahoo News
Earnhardt earns career-best finish: 'I literally drove my guts out',NASCAR.com via Yahoo Sports
Daniel Suarez tops Kyle Busch in Saturday's first Cup practice,Motorsport via Yahoo Sports
Daniel Suarez sweeps pair of Saturday practices for Coca-Cola 600,NASCAR.com via Yahoo Sports
Car depreciation by model: How quickly these popular brands lose value,Fox Business via Yahoo Finance
"Corrected: Designed by committee, Toyota's Japan Taxi becomes an expensive Olympic symbol",Reuters via Yahoo News
"Charlotte native Byron, 21, wins Coca-Cola 600 pole",Reuters via Yahoo Sports
Will Trump-Abe Summit Buck Recent Gloomy Trend?,Bloomberg via Yahoo Finance
The Latest: Martin Truex Jr. wins NASCAR's Coca-Cola 600,Associated Press via Yahoo News
Top 5 Things to Know in the Market on Monday,Investing.com via Yahoo Finance
Coca-Cola 600 results,Reuters via Yahoo News
Five Things You Need to Know to Start Your Day,Bloomberg via Yahoo News
StockBeat: The Spirit of Marchionne Lives on in FCA-Renault Deal,Investing.com via Yahoo Finance
"Yoga teacher Amanda Eller, who survived 2 weeks in a Hawaii forest, out of hospital",ABC News via Yahoo News
Truex's winning No. 19 entry clears post-race inspection at Charlotte,NASCAR.com via Yahoo Sports
Coke 600: Brad Keselowski wins hectic first stage,Motorsport via Yahoo Sports
Hawaii woman rescued from forest told self not to give up,Associated Press via Yahoo News
"Designed by committee, Toyota's Japan Taxi becomes an expensive Olympic symbol",Reuters via Yahoo Sports
The Automakers Linked to Alabama Anti-Choice Politicians,Road &amp; Track via Yahoo Finance
Term Sheet -- Tuesday May 28,Fortune via Yahoo Finance
"Eyeing decent trade terms, Abe woos 'golf buddy' Trump",AFP via Yahoo News
"Trump's red carpet visit gives Japan brief reprieve on trade, pressure stays",Reuters via Yahoo Finance
"Toyota, UTokyo and Trende to Test Blockchain-Based Electricity Trading System",Cointelegraph via Yahoo Finance
1945 WWII Willys Jeep Could Be Yours For $20k,motorious via Yahoo News
Yoga Teacher Who Was Found Alive in Hawaii Forest to Continue Rehab and Recovery,People via Yahoo News
Old partner Nissan left sidelined by Renault-Fiat merger,AFP via Yahoo News
Factbox: Auto industry consolidation - mega-mergers and alliances,Reuters via Yahoo Finance
Toyota signs LMP1 rival Laurent as reserve driver,Motorsport via Yahoo Sports
"Cramer Remix: Owning Apple may get rocky, so hold on tight",CNBC via Yahoo Finance
Ginetta set for return to WEC in 2019/20,Motorsport via Yahoo Sports
Martin Truex Jr. holds off Joey Logano in late shootout to win Coca-Cola 600,NBC Sports via Yahoo Sports
9 Tips to Manage Your Money During a Career Change,ValuePenguin via Yahoo Finance
Roundtable: Is All-Star win a turning point for Kyle Larson?,Motorsport via Yahoo Sports
The Mighty Mite Is America's Forgotten Automotive Military Hero,motorious via Yahoo News
Veteran German auto boss joins board of U.S. self-driving software startup,Reuters via Yahoo Finance
Factbox: Auto industry consolidation: mega-mergers and alliances,Reuters via Yahoo Finance
"Truex Jr., Keselowski claim Coca-Cola 600 stage victories",NASCAR.com via Yahoo Sports
Kick Off the Summer Right With Some '90s IMSA Racing,Road &amp; Track via Yahoo Finance
BMW CEO Future in Doubt as Tensions Erupt on Tackling Shift,Bloomberg via Yahoo Finance
Trump to Delay Japan Trade Deal Until Country's July Polls,Bloomberg via Yahoo News
Tesla is in its 'awkward teenage' years: WSJ's Tim Higgins,Yahoo Finance
Japan Auto Group ‘Profoundly Disappointed’ by Trump's Comments on Imported Cars,Bloomberg via Yahoo Finance
15 Great Cars To Own for More Than 15 Years,GOBankingRates via Yahoo Finance
REUTERS SPORTS SCHEDULE AT 6:30 p.m. GMT/2:30 p.m. ET,Reuters via Yahoo News
"Preliminary entry lists for Cup, Xfinity at Charlotte",NBC Sports via Yahoo Sports
U.S. Congress considers whether to require car child alerts,Reuters via Yahoo Finance
Snap (SNAP) Up 0.4% Since Last Earnings Report: Can It Continue?,Zacks via Yahoo Finance
"Jim Cramer Gives His Opinion On Honda, JetBlue And More",Benzinga via Yahoo Finance
Talking Cars 203: Toyota Supra and BMW Z4,Consumer Reports via Yahoo News
USTR Lighthizer to meet Motegi for trade talks in Japan on May 24 -sources,Reuters via Yahoo Finance
President Trump talks trade deal at meeting with business executives after arriving in Japan,Good Morning America via Yahoo News
Abe to Charm Trump With Sumo and Warships as Trade Clash Looms,Bloomberg via Yahoo Finance
South Korea automakers' shares rise on hope of U.S. tariff exemption,Reuters via Yahoo Finance
USTR Lighthizer to meet Motegi for trade talks in Japan on May 24: sources,Reuters via Yahoo Finance
Japanese shares edge up on stronger-than-expected GDP data,Reuters via Yahoo Finance
"Tesla (TSLA) Stock Isn’t a Bargain, Despite Recent Sell-Off, Says Needham",SmarterAnalyst via Yahoo Finance
Edmunds: This summer's best car deals are used cars,Associated Press via Yahoo News
Car Review: Toyota Corolla Hybrid – a car to surprise and delight,The Independent via Yahoo News UK
Medical Drone Delivery Startup Zipline Raises $190 Million In Funding,Benzinga via Yahoo Finance
Jeffrey Earnhardt earns first NASCAR top five in stubborn fashion,NBC Sports via Yahoo Sports
Jeffrey Earnhardt rallies for career-best NASCAR finish,Motorsport via Yahoo Sports
NASCAR pays homage to military heroes in return of NASCAR Salutes Refreshed by Coca-Cola,NASCAR.com via Yahoo Sports
Exclusive: A delicate balance - Toyota took care to make offering to U.S. before China deals,Reuters via Yahoo Finance
Hemric tops opening Charlotte Coca-Cola 600 practice,NASCAR.com via Yahoo Sports
Trump delays decision on auto tariffs for up to six months,AFP via Yahoo News
Bowyer powers to pole for NASCAR All-Star Race,Reuters via Yahoo Sports
"U.S. lifts tariffs on Canadian, Mexican metals in boost for trade pact",Reuters via Yahoo Canada News
Trump declares some auto imports pose national security threat,Reuters via Yahoo News
Toyota sharply criticizes Trump designation on auto imports,Reuters via Yahoo Finance
Toyota Rebukes Trump for Sending Message That Carmaker ‘Not Welcomed' in U.S.,Bloomberg via Yahoo Finance
Zonta issues quit threat after third exclusion in a year,Motorsport via Yahoo Sports
Ford revs up to sell hybrids with appeal of speed and power,Reuters via Yahoo News
Austin Dillon fastest in final Cup Series practice,NASCAR.com via Yahoo Sports
Monster Energy NASCAR All-Star Race qualifying order,NASCAR.com via Yahoo Sports
Japan's SMM aims to double battery material capacity in 9 yrs,Reuters via Yahoo Finance
"FEATURE-Designed by committee, Toyota's Japan Taxi becomes an expensive Olympic symbol",Reuters via Yahoo News
"From Cars to Telecom, Obstacles Mount as Trump Turns Screws",Bloomberg via Yahoo Finance
"Missing Yoga Teacher's Boyfriend Fears She's Trapped in Forest, Says He Passed Lie Detector Test",People via Yahoo News
NASCAR Trucks champ Brett Moffitt finds home at GMS Racing,The Associated Press via Yahoo Sports
"Corporations, events face boycott threats over U.S. abortion laws",Reuters via Yahoo Finance
Kyle Busch goes 5-for-5 in Truck Series in 2019 with win at Charlotte,NASCAR.com via Yahoo Sports
"UPDATE 5-U.S. lifts tariffs on Canadian, Mexican metals in boost for trade pact",Reuters via Yahoo News
CONNVEX Laying The Foundation For The Connected Vehicle Solution,Benzinga via Yahoo Finance
SMP commits to WEC for 2019/20 but wants LMP1 changes,Motorsport via Yahoo Sports
Monster Energy Open qualifying order,NASCAR.com via Yahoo Sports
"Steve Martin, the unexpected advocate for Aboriginal art",The Independent via Yahoo News UK
Wrap-up: Charlotte All-Star Race,Rotoworld via Yahoo Sports
How Fast These 30 Popular Cars Will Depreciate Over the Years,GOBankingRates via Yahoo Finance
"Niki Lauda’s death has left me feeling like a 'zombie', reveals Toto Wolff in moving eulogy",The Telegraph via Yahoo News UK
Thruxton BTCC: Jordan holds off Turkington for Race 2 victory,Motorsport via Yahoo Sports
"General Motors might be the largest U.S. automaker, but it could not survive in Europe",CNBC via Yahoo Finance
William Byron becomes youngest pole winner of Coke 600,Motorsport via Yahoo Sports
Japan auto lobby dismayed at Trump comment on imported cars,Reuters via Yahoo Finance
Village councilor in Manila shot dead in capital’s Tondo district,Coconuts Manila via Yahoo! Philippines News
Brexit Targeted Foreign Workers. Now Robots Are Coming,Bloomberg via Yahoo Finance
The 2020 Toyota Supra Is an Uncompromising Tour de Force,Robb Report via Yahoo News
U.S. FCC delays review of spectrum assigned to vehicle communication,Reuters via Yahoo Finance
Edited Transcript of MNR earnings conference call or presentation 10-May-19 2:00pm GMT,Thomson Reuters StreetEvents via Yahoo Finance
Toyota Joins List of Failed Bond Sales in Japan’s Corporate Debt Market,Bloomberg via Yahoo Finance
"Despite deaths, injuries and recalls, air bags still save lives",USA TODAY via Yahoo News
How 'anchoring' can impact job seekers,Yahoo Finance UK
Why Alwaysmining should be viewed as a serious Preakness player,Peter King on NBC Sports via Yahoo Sports
NVIDIA Corp (NVDA) Q1 2020 Earnings Call Transcript,Motley Fool via Yahoo Finance
Edited Transcript of IFX.DE earnings conference call or presentation 7-May-19 7:30am GMT,Thomson Reuters StreetEvents via Yahoo Finance
FCC delays review of spectrum assigned to vehicle communication,Reuters via Yahoo Finance
Meet 10 of the Most Anticipated Artists Playing EMERGE,Consequence of Sound via Yahoo News
AT&amp;T to Madison Avenue: Time to Hang Up on TV Networks (Column),Variety via Yahoo News
"Bike to Work Week: Are e-bikes the answer to health, traffic and environmental issues?",USA TODAY via Yahoo News
RM Sotheby's To Sell 140-Strong 'Youngtimer' Collection,motorious via Yahoo News
UPDATE 2-Trump expected to delay auto tariffs decision by up to six months - officials,Reuters via Yahoo News
Trump expected to delay auto tariffs decision by up to six months: officials,Reuters via Yahoo News
Get the best seats in the house for the French GP,Motorsport via Yahoo Sports
4. Grab,CNBC via Yahoo News
Martin Truex Jr. to honor Dale Earnhardt Jr.'s support with Darlington throwback,NASCAR.com via Yahoo Sports
Head-to-Head: Kyle versus Kurt Busch,Rotoworld via Yahoo Sports
"Interested In Toyota Caetano Portugal, S.A. (ELI:SCT)? Here's What Its Recent Performance Looks Like",Simply Wall St. via Yahoo Finance
U.S. to take 'fresh look' at opening automakers' key spectrum band,Reuters via Yahoo Finance
"FOCUS-Nissan faces long, rocky road to cut U.S. discounts, rental sales",Reuters via Yahoo Finance
"RPT-FOCUS-Nissan faces long, rocky road to cut U.S. discounts, rental sales",Reuters via Yahoo News
"Nissan faces long, rocky road to cut U.S. discounts, rental sales",Reuters via Yahoo Finance
We Test the 2020 Toyota Supra: Zero to 60 in 3.8 Seconds,Car and Driver via Yahoo News
Search For Missing Maui Hiker Amanda Eller Enters Day 6,HuffPost
The Millennial's Guide To Buying A Car,Refinery29 via Yahoo Finance
Martin Truex Jr. savors win over 'challenge' of new aero rules,Motorsport via Yahoo Sports
Stock Market News: Chrysler Looks to Rejoin Big 3; a New Threat to GE?,Motley Fool via Yahoo Finance
Why Electrification Is Powering Fiat Chrysler's Renault Merger Ambitions,Fortune via Yahoo Finance
"Larson collects first career All-Star Race win, $1 million",NASCAR.com via Yahoo Sports
The Latest: Tariff agreement hailed by business groups,Associated Press via Yahoo Finance
Edited Transcript of EFL.TO earnings conference call or presentation 15-May-19 12:00pm GMT,Thomson Reuters StreetEvents via Yahoo Finance
UPDATE 4-France wants FCA-Renault job guarantees and Nissan on board,Reuters via Yahoo News
"UPDATE 3-Trump's red carpet visit gives Japan brief reprieve on trade, pressure stays",Reuters via Yahoo News
Reuters Sports News Summary,Reuters via Yahoo News
Tariff Man Trump Just Had Himself a Wild Week. Here’s a Recap,Bloomberg via Yahoo Finance
"Toyota Doing Well, but How Much More Debt Can the American Consumer Consume?",GuruFocus.com via Yahoo Finance
Anticipation for Charlotte grows after Kansas delivers,Reuters via Yahoo Canada Sports
Missing yoga teacher found alive two weeks after disappearing in Hawaii forest,The Independent via Yahoo News
"World's Top Moneymakers: Apple Aces Again, Autos Crash Out",Bloomberg via Yahoo Finance
Suzuka Super GT: Lexus locks out front row as Nissan struggles,Motorsport via Yahoo Sports
"Japan trade a problem for Trump, but not as bad as China",Associated Press via Yahoo Finance
"<a style=""font-size:16px;"" href=""https://news.yahoo.com/test-numbers-highly-anticipated-2020-171037911.html;_ylt=AwrC1Cpm0ftcLC0AZA_QtDMD;_ylu=X3oDMTEycmJjNHRsBGNvbG8DYmYxBHBvcwMxBHZ0aWQDQjgyMDhfMQRzZWMDc3I-"" target=""_blank"" title=""Test Numbers Are in for the Highly Anticipated 2020 Toyota Supra, but Can It Outrun a Chevrolet Camaro V-6 1LE?"">Test Numbers Are in for the Highly Anticipated 2020 Toyota Supra, but Can It Outrun a Chevrolet...",Car and Driver via Yahoo News
"<a style=""font-size:16px;"" href=""https://news.yahoo.com/test-numbers-highly-anticipated-2020-170534880.html;_ylt=AwrC1Cpm0ftcLC0AZg_QtDMD;_ylu=X3oDMTEyb2xoY2VkBGNvbG8DYmYxBHBvcwMyBHZ0aWQDQjgyMDhfMQRzZWMDc3I-"" target=""_blank"" title=""Test Numbers are in for the Highly Anticipated 2020 Toyota Supra, but can it Outrun a Chevrolet Camaro V-6 1LE?"">Test Numbers are in for the Highly Anticipated 2020 Toyota Supra, but can it Outrun a Chevrolet...",Car and Driver via Yahoo News
U.S. drops plan to require vehicle brake-throttle override system,Reuters via Yahoo News
35-Year-Old Woman Missing in Hawaii Nature Reserve for 5 Days: 'We Just Want Our Daughter Back',People via Yahoo News
Suzuka Super GT: Nakajima/Sekiguchi lead Lexus 1-2-3,Motorsport via Yahoo Sports
"Vizient Corporate Responsibility Report Highlights Environmental Sourcing, Supplier Diversity and...",CorpGov.com via Yahoo Finance
Exclusive: Bosch goes for platinum-light fuel cells,Reuters via Yahoo Finance
Asian auto stocks mixed amid US-China trade concerns after earlier jump,CNBC via Yahoo News
"Trump urges greater Japanese investment in U.S., criticises trade advantage",Reuters via Yahoo Finance
Teenager completes 17-car TCR Australia grid,Motorsport via Yahoo Sports
"Trump urges greater Japanese investment in U.S., criticizes trade advantage",Reuters via Yahoo Canada News
Rugby World Cup 2019 TV schedule: How to watch every match on ITV,The Telegraph via Yahoo News UK
Factbox: Investments by automakers in the U.S. and China since Trump came to power,Reuters via Yahoo Finance
"<a style=""font-size:16px;"" href=""https://r.search.yahoo.com/_ylt=AwrC1C5x0ftcuFIAbUvQtDMD;_ylu=X3oDMTEyZGQ1YmZ2BGNvbG8DYmYxBHBvcwM2BHZ0aWQDQjgyMDhfMQRzZWMDc3I-/RV=2/RE=1560035826/RO=10/RU=https%3a%2f%2ffinance.yahoo.com%2fnews%2fmarket-morning-tough-toyota-tariff-110013693.html/RK=2/RS=5OyGXFXuizsu3clIRsbxQnla9N4-"" target=""_blank"" title=""Market Morning Tough Toyota Tariff Talk, Brexit Round 4, Retailer Jitters, ‘Hardcore’ Tesla Cost Cuts"">Market Morning Tough Toyota Tariff Talk, Brexit Round 4, Retailer Jitters, ‘Hardcore’ Tesla Cost...",Market Exclusive via Yahoo Finance
Billion-Dollar Companies That Changed the Way We Live,GOBankingRates via Yahoo Finance
Failure to Disrupt: Tesla Pays the Price of Musk's Hubris,GuruFocus.com via Yahoo Finance
"NHRA Virginia: Butner, S. Torrence, Hines, Capps continue winning ways",NBC Sports via Yahoo Sports
An insider's guide to the Le Mans 24hours: how to experience the ultimate endurance race in style,The Telegraph via Yahoo Finance UK
"China auto sales fall 14.6% on year in April, tenth month of decline",Reuters via Yahoo Finance
Meeke gets Rally Chile penalty for windscreen change,Motorsport via Yahoo Sports
NASCAR tribute to fallen service members takes on personal meaning for JTG Daugherty engineer,NASCAR.com via Yahoo Sports
Missing Yoga Instructor’s Family Shuts Down Speculation Her Boyfriend Is Involved in Disappearance,People via Yahoo News
A 35-Year-Old Yoga Instructor Disappeared While Hiking In Hawaii,Women's Health via Yahoo News
Staying Up Front,Rotoworld via Yahoo Sports
NHTSA Drops Plan to Require Throttle-Override Safety Feature,Consumer Reports via Yahoo News
AutoNation (AN) Up 0.5% Since Last Earnings Report: Can It Continue?,Zacks via Yahoo Finance
"New Zealand Rugby World Cup 2019 fixtures, dates and kick-off times",The Telegraph via Yahoo News UK
NASCAR notebook: Bowyer frustrated by blocking in overtime shootout,Reuters via Yahoo News
9 Things That Increase Your Car’s Value,GOBankingRates via Yahoo Finance
NASCAR Diversity Internship Program announces 2019 class,NASCAR.com via Yahoo Sports
Kevin Durant FaceTimed Bob Myers before Warriors-Rockets Game 6 ended,NBC Sports BayArea via Yahoo Sports
Sea Limited (SE): Tollymore Investment Partners’ Detailed Analysis,Insider Monkey via Yahoo Finance
Jonas Brothers announce 60-date North American reunion tour [Updated],Consequence of Sound via Yahoo News
Harvick leads Stewart-Haas sweep of Kansas qualifying,Reuters via Yahoo News
Tanak takes lead in first Chile rally,AFP via Yahoo Sports
Reddick charges to Xfinity victory at Charlotte,Reuters via Yahoo News
Steve Kerr: 'Everything is on the table' for Warriors' Game 6 lineups,NBC Sports BayArea via Yahoo Sports
Pair Of Fully Restored And Upgraded Toyota FJs,motorious via Yahoo News
Two commandos killed as French special forces free four hostages in Burkina Faso,The Telegraph via Yahoo News UK
Rimac is Helping Hyundai Make an N-Branded EV Hatch and a Sporty Hydrogen Car,Car and Driver via Yahoo News
French special forces free 4 hostages in Burkina Faso,AFP via Yahoo News
Pushed out and punished: One woman's story shows how systems are failing black girls,USA TODAY via Yahoo News
Trump expected to delay auto tariffs decision by up to six months - officials,Reuters
EU car wifi plan delayed as countries await legal advice,Reuters via Yahoo News
Gayle King Debuts New ‘CBS This Morning’ Team With Oprah Assist,Deadline via Yahoo News
"<a style=""font-size:16px;"" href=""https://r.search.yahoo.com/_ylt=AwrC1CiS0ftcFlMANhXQtDMD;_ylu=X3oDMTEyZmNrdW85BGNvbG8DYmYxBHBvcwMzBHZ0aWQDQjgyMDhfMQRzZWMDc3I-/RV=2/RE=1560035858/RO=10/RU=https%3a%2f%2ffinance.yahoo.com%2fnews%2fmarket-morning-tough-toyota-tariff-110013693.html/RK=2/RS=umUC7h8NNjQAsepitfX9vccGGyc-"" target=""_blank"" title=""Market Morning Tough Toyota Tariff Talk, Brexit Round 4, Retailer Jitters, ‘Hardcore’ Tesla Cost Cuts"">Market Morning Tough Toyota Tariff Talk, Brexit Round 4, Retailer Jitters, ‘Hardcore’ Tesla Cost...",Market Exclusive via Yahoo Finance
America Has Just One Left-Hand-Drive Mazda RX-7 Spirit R,motorious via Yahoo News
Warriors look to eliminate Rockets on Friday without Durant,The Associated Press via Yahoo Sports
"<a style=""font-size:16px;"" href=""https://r.search.yahoo.com/_ylt=AwrC1CiS0ftcFlMAPxXQtDMD;_ylu=X3oDMTEyMTI4Z29jBGNvbG8DYmYxBHBvcwM5BHZ0aWQDQjgyMDhfMQRzZWMDc3I-/RV=2/RE=1560035858/RO=10/RU=https%3a%2f%2ffinance.yahoo.com%2fnews%2fford-ceo-hackett-reassures-investors-203324202.html/RK=2/RS=D66IrQ76hIHBhOIQD4tBU5smsio-"" target=""_blank"" title=""Ford CEO Hackett reassures investors of EV plans as it pours money into electric F-150, 'Mustang-inspired' crossover"">Ford CEO Hackett reassures investors of EV plans as it pours money into electric F-150,...",CNBC via Yahoo Finance
"<a style=""font-size:16px;"" href=""https://news.yahoo.com/ford-ceo-hackett-reassures-investors-203324494.html;_ylt=AwrC1CiS0ftcFlMAQRXQtDMD;_ylu=X3oDMTEzcGUzbWs2BGNvbG8DYmYxBHBvcwMxMAR2dGlkA0I4MjA4XzEEc2VjA3Ny"" target=""_blank"" title=""Ford CEO Hackett reassures investors of EV plans as it pours money into electric F-150, 'Mustang-inspired' crossover"">Ford CEO Hackett reassures investors of EV plans as it pours money into electric F-150,...",CNBC via Yahoo News
"Cashing out in Uber's IPO: China, Russia and the Middle East",Reuters via Yahoo Finance Canada
"Fortunes flipped for Warriors, Rockets entering Game 6",Reuters via Yahoo News
"China auto sales fall 14.6% on year in April, 10th month of decline",Reuters via Yahoo Finance
Tesla Model 3 review,The Telegraph via Yahoo News UK
"With the 2020 GR Supra, Toyota Gets In Touch With Its Fun Side",Popular Mechanics via Yahoo News
Tanak buries back-to-back misery in Chile as Ogier takes championship lead,AFP via Yahoo Sports
Toyota Will Sell New Parts for Old Supras,Road &amp; Track via Yahoo Finance
"Chile WRC: Tanak wraps up victory, Ogier takes points lead",Motorsport via Yahoo Sports
Why the Car Industry Will Always Need Visionary Autocrats to Steer It,Robb Report via Yahoo News
New Michelin Tire Designed For Modern Classics Of 1980s and 90s,motorious via Yahoo News
The 2020 Toyota Supra Makes More Power Than Toyota Claims,Car and Driver via Yahoo News
The Perfect Land Rover Discovery Is For Sale With Morris Leslie,motorious via Yahoo News
1952 GMC 3100 Truck Features Unique Patina,motorious via Yahoo News
Auto Racing Glance,Reuters via Yahoo News
"Ryan: Dover criticism at interesting juncture for leadership, rules",NBC Sports via Yahoo Sports
"Toyota, Honda plan to attack costs to free up cash for new tech",Reuters via Yahoo Finance
"Where Steph Curry's epic second half stands in Warriors, NBA history",NBC Sports BayArea via Yahoo Sports
Brad Keselowski snags victory in Kansas thriller,Motorsport via Yahoo Sports
The Latest: Keselowski wins Cup Series race at Kansas,The Associated Press via Yahoo Sports
"CORRECTED-FEATURE-Designed by committee, Toyota's Japan Taxi becomes an expensive Olympic symbol",Reuters via Yahoo News
REUTERS NEWS SCHEDULE AT 10 p.m. GMT/6 a.m. SGT,Reuters via Yahoo News
"Chile WRC: Tanak leads Ogier, Latvala forced to retire",Motorsport via Yahoo Sports
Keselowski's winning No. 2 entry clears post-race inspection at Kansas,NASCAR.com via Yahoo Sports
"Brad Keselowski surges late, survives overtime for Kansas Speedway win",NASCAR.com via Yahoo Sports
Alex Bowman's second-place streak continues at Kansas,NASCAR.com via Yahoo Sports
Erik Jones' overtime block has Bowyer boiling at Kansas,NASCAR.com via Yahoo Sports
Steph Curry implies he felt disrespected entering Game 6 vs. Rockets,NBC Sports BayArea via Yahoo Sports
Kidnapped tourists land in France after Burkina Faso raid,AFP via Yahoo News
Toyota annual net profit drops by a quarter,AFP via Yahoo News
"For Toyota, Cruise Control Isn’t Fast Enough",Bloomberg via Yahoo Finance
Tuesday Sports in Brief,The Associated Press via Yahoo Sports
WATCH: Mets' Pete Alonso on go-ahead home run: 'It was awesome',SNY via Yahoo Sports
"Inspired by a Fighter Jet, the 2JetZ is Both a Car and the Latest Hot Wheels Model",Car and Driver via Yahoo News
Edited Transcript of STLC.TO earnings conference call or presentation 2-May-19 1:00pm GMT,Thomson Reuters StreetEvents via Yahoo Finance
How to Make Sure You Get Recall Notices for Your Used Car,Consumer Reports via Yahoo News
Ariana Grande Had an Outta This World Weekend with NASA,TheBlast via Yahoo News
Nissan Pushes Back on Renault's Renewed Efforts to Merge,Bloomberg via Yahoo Finance
"Button: Juggling Super GT and WEC was ""impossible""",Motorsport via Yahoo Sports
"Toyota reports dip in quarterly profit, projects recovery",Associated Press via Yahoo Finance
Kevin Durant taunted by fan relentlessly chanting 'New York Knicks' during Warriors-Rockets game,Yahoo Sports
75-Year-Old Job Hunters Could Become New Normal in Aging Japan,Bloomberg via Yahoo Finance
General Electric snatch a late draw against Royal Media in Left Foot,Goal.com via Yahoo Sport
Roger Daltrey announces 50th anniversary reimagining of The Who’s Tommy,Consequence of Sound via Yahoo News
Warriors Odds to Win NBA Finals Drops After Kevin Durant Injury,Sports Illustrated via Yahoo Sports
"Let's Go Places, Like the Back Seat",Car and Driver via Yahoo News
Mike Suggett Named Head of Programming and Development for MotorTrend Group,The Wrap via Yahoo News
"Toyota (TM) Earnings Lag Estimates in Q4, Revenues Beat",Zacks via Yahoo Finance
"Panasonic flags first profit drop in 8 years, EV battery costs bite",Reuters via Yahoo Finance
Edited Transcript of MRE.TO earnings conference call or presentation 3-May-19 12:00pm GMT,Thomson Reuters StreetEvents via Yahoo Finance
"Toyota, Panasonic form joint venture in housing for Japan",Associated Press via Yahoo Finance
Makino to race Honda in Suzuka 10 Hours,Motorsport via Yahoo Sports
"New NASCAR aero package ""sucked"" at Dover, says Kyle Busch",Autosport via Yahoo Sport
"Search continues for Amanda Eller, woman who went missing during hike on Maui 4 days ago",ABC News via Yahoo News
"Battered and bruised, Warriors return home seeking championship heart",NBC Sports BayArea via Yahoo Sports
"Results, standings after the Digital Ally 400 at Kansas",NBC Sports via Yahoo Sports
Rockets' Twitter account has no sympathy for Draymond Green on injury,NBC Sports BayArea via Yahoo Sports
Warriors minority owner trolls Rockets fans with NBA championship rings,NBC Sports BayArea via Yahoo Sports
What Drivers Said after Gander RV 400 at Dover,NBC Sports via Yahoo Sports
Auto group tries to steer Colorado clear of California ZEV rules,Reuters via Yahoo News
World championship leader Neuville out of Chile race after crash,AFP via Yahoo Sports
Wrap-up: Dover Int'l Speedway,Rotoworld via Yahoo Sports
Rallying: World championship leader Neuville crashes out in Chile,Reuters via Yahoo Canada Sports
Alonso: No regrets over lack of competition in LMP1 stint,Motorsport via Yahoo Sports
Overwatch League trading cards? Blizzard enters multi-year deal with Upper Deck,NBC Sports Philadelphia via Yahoo Sports
Review: The 2019 Toyota Tundra pickup fails to impress,CNBC via Yahoo News
Vandoorne's car finished Spa race with four gears,Motorsport via Yahoo Sports
Inclement weather delays start of Gander RV 400 at Dover,NASCAR.com via Yahoo Sports
Four cars fail pre-race inspection multiple times at Dover,NASCAR.com via Yahoo Sports
"How Much Is an Idea Worth? In Uber’s Case, $3.7 Billion",Bloomberg via Yahoo Finance
Can the Warriors Hang on to Beat the Rockets Without Kevin Durant?,Sports Illustrated via Yahoo Sports
Weekend preview: Harvick at right spot for first win?,Reuters via Yahoo News
"Talking Cars 202: We Answer Your Questions on All-Weather Tires, Wheel Sizes, and Oil Changes",Consumer Reports via Yahoo News
"Uber prices IPO at $45 per share, toward the low end of range",CNBC via Yahoo News
Roundtable: Dover aero package and Kansas predictions,Motorsport via Yahoo Sports
"Keilch, 16, breaks course record to advance to U.S. Open sectionals",Golf Channel via Yahoo Sports
‘Game of Thrones’ Live Concert Experience Returning for Fall Tour,Rolling Stone via Yahoo News
"Auto Stock Roundup: HMC Operating Profit Decline, TM Earnings Miss",Zacks via Yahoo Finance
"Mugabe's tractors, trucks to be auctioned to pay off debts",AFP via Yahoo News
"Panasonic flags first profit drop in eight years, EV battery costs bite",Reuters via Yahoo Finance
Tech fund drives SoftBank Group profit up 36 percent,AFP via Yahoo News
China’s Robocars Are Being Lapped By Their U.S. Competitors,Bloomberg via Yahoo Finance
"Tapestry Earnings Beat, Revenue Misses In Q3",Investing.com via Yahoo Finance
Bayerische Motoren Werke AG (BAMXF) Q1 2019 Earnings Call Transcript,Motley Fool via Yahoo Finance
Calif. Mom on Way to Pick up Daughter Struck and Killed by Car Suspected of Street Racing,People via Yahoo News
Late race contact prevents Kyle Busch from setting top-10 record,NBC Sports via Yahoo Sports
What Is It about Jeeps? Put One in Your Dating Profile and See a 243 Percent Better Response,Car and Driver via Yahoo News
Hamlin: Carbon monoxide poisoning led to care center visit,NASCAR.com via Yahoo Sports
Review: The 2020 Toyota Supra was worth the long wait,CNBC via Yahoo News
The Who’s Setlist by the Numbers: What to Expect from the “Movin’ On Tour”,Consequence of Sound via Yahoo News
Monster Energy Series qualifying order at Kansas,NASCAR.com via Yahoo Sports
Eyes on the prize for 'closer' Harden as Rockets down Warriors,Omnisport via Yahoo Sport
It wasn't my night - Curry reflects on Game 3 woes as Rockets stay in touch,Omnisport via Yahoo Sport
Subaru expects recovering sales to boost profit after dismal 12 months,Reuters via Yahoo Finance
Uber bleeds in public debut as stock slips nearly 8%,Pitchbook via Yahoo Finance
Edited Transcript of 7203.T earnings conference call or presentation 8-May-19 4:15am GMT,Thomson Reuters StreetEvents via Yahoo Finance
Warriors takeaways: What we learned in 126-121 Game 3 OT loss to Rockets,NBC Sports BayArea via Yahoo Sports
Toyota says Trump's latest tariff threat shows Japanese investments in US are 'not welcomed',CNBC via Yahoo News
"Trump Delays EU, Japan Auto Tariffs for 180 Days for Talks",Bloomberg via Yahoo Finance
"Poole on spinning Busch for win: 'I tried, I'm not gonna lie'",NASCAR.com via Yahoo Sports
Tyler Reddick happy to be in top echelon of Xfinity Series,NASCAR.com via Yahoo Sports
US agency scraps proposal to prevent unintended acceleration,Associated Press via Yahoo Finance
Police seek public's help in finding yoga instructor who has been missing in Hawaii for five days,AOL.com via Yahoo News
These Activists Are Using Social Media To Empower Black Women — &amp; You Should Be Following,Refinery29 via Yahoo News
Kobayashi and Conway score Spa WEC pole for Toyota,Autosport via Yahoo Sport
Spa WEC: #7 Toyota beats sister car to pole,Motorsport via Yahoo Sports
What Kind of Fuel Economy Does the 2019 Ford Ranger Get in the Real World?,Car and Driver via Yahoo News
"Toyota: Delay over 2020/21 WEC rules is now ""ridiculous""",Autosport via Yahoo Sport
Nikkei stumbles to 6-week low ahead of U.S.-China talks,Reuters via Yahoo Finance
Erik Jones hopes to 'relearn' Dover success with new rules package,NASCAR.com via Yahoo Sports
"<a style=""font-size:16px;"" href=""https://r.search.yahoo.com/_ylt=AwrC1CoC0vtcajQAogXQtDMD;_ylu=X3oDMTEyZ3R0djYzBGNvbG8DYmYxBHBvcwM3BHZ0aWQDQjgyMDhfMQRzZWMDc3I-/RV=2/RE=1560035970/RO=10/RU=https%3a%2f%2ffinance.yahoo.com%2fnews%2faaa-study-finds-americans-warming-040128136.html/RK=2/RS=C56cnOBKC450g038qDRgHtNkxAo-"" target=""_blank"" title=""AAA study finds Americans are warming to electric vehicles, but most aren't ready to buy — at least not yet"">AAA study finds Americans are warming to electric vehicles, but most aren't ready to buy — at least...",CNBC via Yahoo Finance
"<a style=""font-size:16px;"" href=""https://news.yahoo.com/aaa-study-finds-americans-warming-040128854.html;_ylt=AwrC1CoC0vtcajQAowXQtDMD;_ylu=X3oDMTEybW9mZDRjBGNvbG8DYmYxBHBvcwM4BHZ0aWQDQjgyMDhfMQRzZWMDc3I-"" target=""_blank"" title=""AAA study finds Americans are warming to electric vehicles, but most aren't ready to buy — at least not yet"">AAA study finds Americans are warming to electric vehicles, but most aren't ready to buy — at least...",CNBC via Yahoo News
"Toyota, Panasonic to set up company for 'connected' homes",Reuters via Yahoo Finance
"Toyota, Panasonic to set up firm to connect cars, homes: Kyodo",Reuters via Yahoo Finance
Rockets' James Harden Says He Can See a 'Bit Better' After Suffering Lacerated Eyelid in Game 2,Sports Illustrated via Yahoo Sports
Why The Hot New Electric Car is a…Dyson,InvestorPlace
Harden still dealing with eye injury; will play in Game 3,Associated Press via Yahoo News
Edited Transcript of GPI earnings conference call or presentation 25-Apr-19 2:00pm GMT,Thomson Reuters StreetEvents via Yahoo Finance
Kyle Busch unveils special Coca-Cola 600 paint scheme,NASCAR.com via Yahoo Sports
"<a style=""font-size:16px;"" href=""https://r.search.yahoo.com/_ylt=AwrC1TEO0vtcy20AIiLQtDMD;_ylu=X3oDMTEyZGQ1YmZ2BGNvbG8DYmYxBHBvcwM2BHZ0aWQDQjgyMDhfMQRzZWMDc3I-/RV=2/RE=1560035982/RO=10/RU=https%3a%2f%2ffinance.yahoo.com%2fnews%2fstocks-making-biggest-moves-premarket-114955910.html/RK=2/RS=b4PG_EM111VnW0EdZxRNPXOmsZg-"" target=""_blank"" title=""Stocks making the biggest moves premarket: Office Depot, Lyft, Wendy's, TripAdvisor, Toyota &amp; more"">Stocks making the biggest moves premarket: Office Depot, Lyft, Wendy's, TripAdvisor, Toyota &amp; more",CNBC via Yahoo Finance
Mobile piggy bank: Jaguar Land Rover’s ‘earn as you drive’ concept,The Independent via Yahoo News UK
Why Is The 2JZ Engine So Strong? This Breakdown Shows Why,motorious via Yahoo News
"After 15 years, Green Grand Prix still thriving at The Glen",NBC Sports via Yahoo Sports
Toyota Supra review: long-awaited Japanese superstar falls just shy of brilliance,The Telegraph via Yahoo News UK
"Refactor Capital Co-Founder David Lee Steps Away, Becomes Chairman: Term Sheet for Thursday, May 2",Fortune via Yahoo Finance
Spa WEC: SMP driver Sirotkin leads newcomer Vandoorne in FP1,Autosport via Yahoo Sport
Esports organization Fnatic raises $19 million for big expansion,Reuters via Yahoo Finance
M-Sport Ford aims to poach Tanak from Toyota for 2020 WRC season,Autosport via Yahoo Sport
"Warriors' bench players show needed heart, play major role in Game 6 win",NBC Sports BayArea via Yahoo Sports
Chile WRC: Tanak in command after Neuville rolls out,Motorsport via Yahoo Sports
"Warriors vs. Rockets watch guide: Game 3 lineups, injuries, player usage",NBC Sports BayArea via Yahoo Sports
"<a style=""font-size:16px;"" href=""https://news.yahoo.com/ford-ceo-hackett-reassures-investors-203324494.html;_ylt=AwrC1C0f0vtc6UMArRbQtDMD;_ylu=X3oDMTEyZGQ1YmZ2BGNvbG8DYmYxBHBvcwM2BHZ0aWQDQjgyMDhfMQRzZWMDc3I-"" target=""_blank"" title=""Ford CEO Hackett reassures investors of EV plans as it pours money into electric F-150, 'Mustang-inspired' crossover"">Ford CEO Hackett reassures investors of EV plans as it pours money into electric F-150,...",CNBC via Yahoo News
"<a style=""font-size:16px;"" href=""https://r.search.yahoo.com/_ylt=AwrC1C0f0vtc6UMArxbQtDMD;_ylu=X3oDMTEyZ3R0djYzBGNvbG8DYmYxBHBvcwM3BHZ0aWQDQjgyMDhfMQRzZWMDc3I-/RV=2/RE=1560036000/RO=10/RU=https%3a%2f%2ffinance.yahoo.com%2fnews%2fford-ceo-hackett-reassures-investors-203324202.html/RK=2/RS=1CLujzhuT_tQmO.imugcJNDn3l8-"" target=""_blank"" title=""Ford CEO Hackett reassures investors of EV plans as it pours money into electric F-150, 'Mustang-inspired' crossover"">Ford CEO Hackett reassures investors of EV plans as it pours money into electric F-150,...",CNBC via Yahoo Finance
Spa WEC: Alonso/Buemi/Nakajima near title after winning amid snow,Autosport via Yahoo Sport
"Spa WEC: Alonso, Buemi, Nakajima win snow-hit race",Motorsport via Yahoo Sports
11-time Dover winner Jimmie Johnson fastest in final practice,Motorsport via Yahoo Sports
Chase Elliott powers to Busch Pole Award in Dover qualifying,NASCAR.com via Yahoo Sports
"<a style=""font-size:16px;"" href=""https://news.yahoo.com/toyota-motor-says-trump-proclamation-194842470.html;_ylt=AwrC1C4l0vtc6GEAZgHQtDMD;_ylu=X3oDMTEyb2xoY2VkBGNvbG8DYmYxBHBvcwMyBHZ0aWQDQjgyMDhfMQRzZWMDc3I-"" target=""_blank"" title=""TOYOTA MOTOR SAYS TRUMP PROCLAMATION ON AUTO IMPORTS SIGN &quot;OUR INVESTMENTS ARE NOT WELCOMED&quot; -- COMPANY STATEMENT"">TOYOTA MOTOR SAYS TRUMP PROCLAMATION ON AUTO IMPORTS SIGN ""OUR INVESTMENTS ARE NOT WELCOMED"" --...",Reuters via Yahoo News
This 1973 Jeep Commando Is Like A Time Capsule,motorious via Yahoo News
Chris Paul and the Rockets' physical play are starting to get to the Warriors,Yahoo Sports
Bowyer blows by competitors to earn All-Star Race pole,NASCAR.com via Yahoo Sports
Monster Energy Series qualifying order for Dover,NASCAR.com via Yahoo Sports
Fuji Super GT: Nissan breaks lap record in qualifying,Motorsport via Yahoo Sports
"Term Sheet -- Friday, May 17",Fortune via Yahoo Finance
UPDATE 6-Trump declares some auto imports pose national security threat,Reuters via Yahoo News
"Racing Point bringing ""almost a new car"" to German GP",Motorsport via Yahoo Sports
Weekend preview: JJ looks to recapture magic at Dover,Reuters via Yahoo News
Tesla Fires Sound Alarms About Electric-Car Battery Safety,Bloomberg via Yahoo Finance
Would you use a red key to boost your Dodge Challenger or Charger to over 700 horsepower?,USA TODAY via Yahoo News
"UK car output falls 14 percent in March, worse seen if no Brexit deal",Reuters via Yahoo Finance
"Suzuki Motor says Japan tax rise, India uncertainty to limit profit growth",Reuters via Yahoo Finance
Toyota to produce Lexus NX for North America at Canada plant,Reuters via Yahoo Canada News
"Today's Pickup: Electra Meccanica Debuts EV One-Seater; Amazon Brokerage ""An Affirmation""",Benzinga via Yahoo Finance
M-Sport wants Tanak back from Toyota,Motorsport via Yahoo Sports
3 Reasons to Buy Nvidia Stock,InvestorPlace via Yahoo Finance
BRIEF-Guangzhou Automobile's JV With Toyota To Expand New Energy Car Project,Reuters via Yahoo Finance
Martin Truex Jr. rebounds from pre-race penalty to dominate at Dover,NASCAR.com via Yahoo Sports
